#model_id	l1	l2	beta	rho	gamma	disable_alpha	learn_rate	activation	optimizer	loss_type	n_layers	size_ratio	decay_rate
model_1	1e-07	1e-08	0.0001	0.05	0.0	1	0.001	leakyrelu	rmsprop	FL	8	0.7	0.5
model_2	0.0	0.01	0.0	0.5	4.0	1	0.01	leakyrelu	rmsprop	CE	6	0.9	0.25
model_3	0.1	1e-07	0.1	0.5	1.0	0	0.1	tanh	rmsprop	CE	8	1.0	0.25
model_4	1e-05	0.01	1.0	0.5	5.0	1	1e-05	leakyrelu	adadelta	CE	8	0.8	0.95
model_5	0.0	1e-05	0.0	0.005	0.0	1	1e-04	relu	adam	CE	4	0.5	0.0
model_6	1e-05	0.001	0.0001	0.05	1.0	0	0.001	sigmoid	rmsprop	CE	4	0.9	0.75
model_7	0.0	1e-08	0.0	0.5	0.5	0	1e-05	leakyrelu	sgd	FL	4	0.6	0.0
model_8	0.0	0.0	1.0	0.05	1.0	0	0.1	tanh	rmsprop	FL	4	0.9	0.5
model_9	1e-05	1e-07	0.001	0.5	1.0	1	1e-05	relu	adam	FL	6	0.2	0.95
model_10	1e-07	0.01	5.0	0.01	1.0	1	0.1	leakyrelu	rmsprop	CE	4	1.0	0.0
model_11	0.0001	0.0	0.0001	0.5	5.0	0	0.001	tanh	adadelta	FL	6	0.6	0.25
model_12	1e-06	0.0	0.01	0.05	4.0	0	0.0001	relu	adam	FL	4	0.9	0.0
model_13	0.0	1e-07	0.0001	0.005	3.0	1	0.01	sigmoid	adagrad	FL	8	0.4	0.95
model_14	0.001	1e-07	1.0	0.01	2.0	0	0.0001	tanh	adagrad	CE	2	0.5	0.95
model_15	0.0	1e-08	0.01	0.25	5.0	0	1e-05	leakyrelu	sgd	FL	2	0.7	0.5
model_16	0.01	1e-05	0.0	0.5	0.5	1	0.001	sigmoid	adagrad	FL	6	0.2	0.25
model_17	1e-05	1e-05	0.0	0.01	1.0	1	1e-05	leakyrelu	sgd	FL	4	0.8	0.75
model_18	0.001	1e-07	0.1	0.1	0.0	1	0.001	relu	sgd	FL	2	0.2	0.5
model_19	1e-08	0.0001	0.0001	0.25	4.0	0	0.1	leakyrelu	adagrad	FL	2	0.2	0.25
model_20	0.001	1e-05	5.0	0.5	3.0	0	0.01	relu	rmsprop	CE	6	0.3	0.0
model_21	0.0	0.1	1.0	0.005	5.0	0	0.001	sigmoid	rmsprop	CE	2	0.2	0.5
model_22	1e-05	0.01	0.0	0.05	3.0	1	1e-05	relu	sgd	FL	4	0.8	0.5
model_23	1e-07	0.001	0.01	0.5	4.0	0	0.001	tanh	adadelta	FL	8	0.2	0.75
model_24	1e-08	0.001	5.0	0.25	5.0	1	0.0001	sigmoid	adagrad	FL	6	0.8	0.75
model_25	1e-07	0.1	0.0001	0.25	0.0	1	0.001	sigmoid	sgd	CE	6	0.2	0.25
model_26	0.1	1e-05	0.1	0.5	2.0	0	0.0001	leakyrelu	sgd	FL	8	0.2	0.25
model_27	1e-06	0.0	0.01	0.1	2.0	0	1e-05	relu	adagrad	CE	2	0.9	0.0
model_28	1e-05	0.0	1e-05	0.5	1.0	0	0.1	tanh	rmsprop	CE	2	0.2	0.75
model_29	1e-07	0.001	5.0	0.5	2.0	0	0.01	leakyrelu	adam	FL	6	0.7	0.25
model_30	0.001	0.1	0.0001	0.5	1.0	0	1e-05	sigmoid	rmsprop	CE	2	0.7	0.25
model_31	1e-08	1e-06	0.001	0.005	3.0	0	0.01	relu	adam	CE	8	0.8	0.0
model_32	1e-06	1e-08	0.001	0.01	0.5	1	0.0001	leakyrelu	rmsprop	FL	4	1.0	0.0
model_33	0.1	0.01	1e-05	0.1	0.5	0	0.0001	sigmoid	adam	CE	4	0.4	0.0
model_34	1e-07	0.0001	1.0	0.1	1.0	0	0.1	tanh	sgd	CE	4	0.3	0.0
model_35	0.001	0.0001	0.1	0.05	5.0	1	1e-05	leakyrelu	adagrad	CE	6	0.7	0.25
model_36	1e-07	1e-08	5.0	0.05	0.5	1	1e-05	sigmoid	sgd	FL	4	0.6	0.5
model_37	1e-07	1e-05	0.1	0.01	0.5	1	1e-05	tanh	adadelta	CE	8	0.6	0.95
model_38	1e-06	0.001	0.1	0.05	3.0	1	0.1	relu	rmsprop	FL	6	1.0	0.75
model_39	0.0001	0.1	1.0	0.05	3.0	1	0.0001	leakyrelu	rmsprop	FL	8	0.4	0.0
model_40	1e-05	1e-08	0.001	0.1	5.0	1	0.001	tanh	adagrad	FL	6	0.5	0.25
model_41	1e-08	1e-08	0.0001	0.05	1.0	0	0.001	relu	adadelta	FL	4	0.8	0.5
model_42	0.0	1e-05	0.0001	0.05	0.5	1	0.001	tanh	rmsprop	CE	2	0.3	0.0
model_43	1e-08	0.0	1e-05	0.5	3.0	0	1e-05	sigmoid	adagrad	CE	2	0.8	0.0
model_44	0.0001	1e-05	0.0001	0.25	0.5	1	0.0001	sigmoid	sgd	FL	6	0.7	0.5
model_45	0.0	0.01	0.01	0.05	4.0	1	0.1	relu	rmsprop	FL	4	1.0	0.95
model_46	1e-05	0.01	0.0001	0.005	4.0	0	0.0001	leakyrelu	adam	CE	8	0.3	0.75
model_47	1e-05	0.1	0.001	0.25	1.0	0	0.0001	sigmoid	adam	CE	2	0.8	0.5
model_48	0.001	1e-07	1e-05	0.25	4.0	1	1e-05	tanh	adadelta	FL	2	1.0	0.5
model_49	1e-06	1e-08	0.0001	0.005	0.0	0	0.001	tanh	rmsprop	FL	8	0.6	0.95
model_50	0.1	1e-08	0.001	0.005	3.0	0	0.001	sigmoid	adam	CE	8	1.0	0.0
model_51	1e-06	0.001	0.01	0.5	0.0	0	0.1	tanh	adagrad	CE	4	0.3	0.75
model_52	0.001	0.0	0.1	0.5	0.0	1	0.1	relu	rmsprop	FL	8	0.7	0.75
model_53	1e-07	1e-06	0.001	0.01	3.0	1	1e-05	tanh	adadelta	FL	8	0.8	0.75
model_54	0.0001	1e-08	0.0001	0.1	0.5	0	0.1	tanh	rmsprop	CE	2	0.3	0.5
model_55	1e-06	0.0001	1.0	0.1	2.0	1	0.001	sigmoid	adagrad	CE	8	0.5	0.5
model_56	1e-06	0.1	1e-05	0.005	3.0	1	1e-05	sigmoid	adadelta	CE	2	0.2	0.5
model_57	1e-08	1e-05	0.01	0.25	5.0	1	0.001	leakyrelu	rmsprop	FL	2	1.0	0.95
model_58	1e-06	1e-07	0.001	0.1	1.0	1	0.01	tanh	adagrad	FL	6	0.3	0.95
model_59	1e-08	0.1	0.0001	0.05	2.0	0	0.01	sigmoid	sgd	CE	2	1.0	0.5
model_60	0.0	0.1	0.01	0.1	4.0	1	0.001	leakyrelu	sgd	FL	4	0.6	0.5
model_61	1e-07	0.001	1.0	0.1	4.0	1	1e-05	sigmoid	rmsprop	FL	6	0.6	0.0
model_62	1e-07	0.0	0.0001	0.01	4.0	0	0.01	sigmoid	adadelta	CE	6	1.0	0.75
model_63	0.0001	0.1	0.01	0.05	3.0	0	0.01	leakyrelu	adagrad	FL	6	1.0	0.75
model_64	0.0	0.1	0.1	0.005	1.0	0	0.1	leakyrelu	sgd	CE	4	0.3	0.0
model_65	0.001	0.0	0.0001	0.05	2.0	0	0.1	tanh	adadelta	CE	6	0.9	0.75
model_66	0.1	0.0	0.0	0.25	0.0	0	1e-05	relu	adadelta	CE	4	0.4	0.25
model_67	0.0	1e-04	0.0	0.005	0.0	1	1e-03	relu	adam	CE	4	0.5	0.25
model_68	0.01	0.1	1.0	0.005	5.0	1	0.1	leakyrelu	rmsprop	CE	2	0.5	0.25
model_69	1e-06	0.0001	0.1	0.5	5.0	0	0.0001	sigmoid	adam	FL	8	0.4	0.95
model_70	0.0001	1e-07	0.0001	0.005	5.0	1	0.0001	leakyrelu	adadelta	FL	2	0.9	0.5
model_71	1e-06	1e-05	0.1	0.1	4.0	0	0.0001	relu	rmsprop	FL	8	0.8	0.0
model_72	0.1	0.001	0.1	0.005	3.0	0	0.0001	relu	sgd	FL	4	0.8	0.25
model_73	0.1	0.0	0.0001	0.05	0.5	0	0.001	relu	sgd	CE	6	0.9	0.0
model_74	1e-08	1e-05	0.0	0.25	3.0	0	1e-05	sigmoid	adagrad	FL	8	1.0	0.0
model_75	1e-07	0.001	0.0001	0.005	5.0	0	0.1	leakyrelu	adadelta	FL	8	0.9	0.95
model_76	1e-07	0.01	0.001	0.05	2.0	1	0.001	sigmoid	adadelta	FL	2	1.0	0.25
model_77	1e-06	0.0	0.0001	0.01	1.0	0	0.01	leakyrelu	rmsprop	CE	8	0.8	0.25
model_78	1e-05	1e-06	0.01	0.25	2.0	0	0.0001	leakyrelu	adadelta	CE	4	0.3	0.0
model_79	1e-07	0.001	5.0	0.1	1.0	1	0.0001	leakyrelu	adadelta	CE	2	0.4	0.0
model_80	1e-08	1e-07	0.01	0.01	3.0	1	0.001	tanh	rmsprop	CE	8	0.7	0.75
model_81	1e-06	1e-08	0.1	0.05	4.0	0	0.0001	sigmoid	adagrad	FL	4	0.7	0.95
model_82	0.001	0.001	1e-05	0.1	0.5	0	1e-05	sigmoid	adagrad	CE	2	0.8	0.25
model_83	1e-06	0.001	0.0001	0.25	3.0	1	1e-05	sigmoid	adadelta	FL	8	1.0	0.5
model_84	0.1	0.0	0.01	0.01	0.0	1	0.0001	tanh	adam	CE	4	1.0	0.95
model_85	0.1	0.01	5.0	0.05	5.0	1	0.0001	tanh	rmsprop	CE	8	0.2	0.95
model_86	1e-08	0.001	0.001	0.05	5.0	0	1e-05	leakyrelu	sgd	CE	4	0.8	0.25
model_87	1e-06	1e-06	0.1	0.01	0.0	0	0.1	tanh	adam	CE	6	0.4	0.75
model_88	0.1	1e-08	0.001	0.005	0.0	1	0.1	sigmoid	adagrad	CE	4	0.3	0.25
model_89	1e-05	0.0001	1.0	0.25	1.0	0	0.001	leakyrelu	adam	FL	6	0.8	0.75
model_90	1e-08	0.001	1e-05	0.5	3.0	0	0.01	leakyrelu	adadelta	CE	4	0.7	0.95
model_91	0.1	0.001	0.1	0.25	3.0	1	0.1	tanh	sgd	FL	8	0.7	0.5
model_92	0.0001	1e-08	0.1	0.25	4.0	1	0.0001	sigmoid	adagrad	CE	4	0.7	0.0
model_93	0.0	1e-08	0.01	0.25	1.0	1	0.0001	relu	sgd	CE	8	0.8	0.25
model_94	0.0	0.0001	1e-05	0.1	3.0	1	0.001	tanh	adam	CE	2	1.0	0.25
model_95	1e-05	1e-05	1.0	0.25	0.0	1	0.0001	relu	adadelta	FL	8	0.2	0.5
model_96	0.001	0.01	0.01	0.05	0.5	1	1e-05	leakyrelu	adadelta	CE	2	0.8	0.0
model_97	0.1	0.001	5.0	0.01	4.0	1	0.001	relu	sgd	FL	2	0.3	0.0
model_98	1e-08	0.01	0.0	0.5	0.5	1	0.001	tanh	sgd	CE	4	0.8	0.0
model_99	0.0	0.0	0.0	0.25	4.0	0	0.1	leakyrelu	adadelta	FL	4	0.2	0.75
model_100	1e-05	0.01	5.0	0.05	3.0	1	0.0001	tanh	rmsprop	CE	4	0.9	0.95
model_101	0.001	0.1	10.0	0.005	3.0	1	0.01	sigmoid	adam	FL	2	1.1	0.999
model_102	0.0001	1e-07	1.0	0.005	2.0	0	0.001	relu	rmsprop	FL	6	0.7	0.0
model_103	0.0	1e-07	5.0	0.1	0.0	1	1e-05	tanh	adagrad	CE	6	1.0	0.0
model_104	0.001	0.1	0.0001	0.5	1.0	1	0.001	tanh	adadelta	FL	4	0.9	0.5
model_105	0.0	1e-05	5.0	0.25	1.0	1	0.0001	sigmoid	rmsprop	FL	8	0.6	0.9999
model_106	0.01	1e-06	0.0	0.5	0.0	0	0.001	sigmoid	adam	FL	8	0.2	0.999
model_107	0.0001	0.0	5.0	0.1	5.0	0	0.001	sigmoid	rmsprop	FL	4	0.8	0.99
model_108	0.0	0.0	0.001	0.5	2.0	0	0.0001	leakyrelu	adam	FL	4	0.7	0.999
model_109	1e-08	0.0	0.1	0.005	0.0	1	0.01	leakyrelu	sgd	FL	4	0.3	0.5
model_110	1e-07	0.001	1.0	0.01	5.0	1	0.001	relu	sgd	CE	6	1.2	0.25
model_111	1e-05	1e-05	10.0	0.1	1.0	1	0.1	leakyrelu	adam	CE	6	0.7	0.999
model_112	1e-07	1e-06	10.0	0.5	0.5	1	0.01	leakyrelu	sgd	CE	6	0.5	0.999
model_113	0.001	0.0001	0.0	0.05	5.0	0	0.0001	leakyrelu	sgd	CE	8	0.6	0.25
model_114	1e-05	0.0001	1.0	0.25	2.0	1	0.1	relu	rmsprop	FL	4	0.2	0.95
model_115	0.0	0.0001	1e-05	0.5	1.0	1	0.0001	sigmoid	adam	CE	4	1.0	0.95
model_116	1e-06	1e-05	0.0001	0.01	4.0	0	0.0001	tanh	adadelta	CE	4	0.4	0.95
model_117	0.001	0.001	10.0	0.01	0.5	0	0.0001	relu	rmsprop	CE	4	0.2	0.5
model_118	1e-08	1e-07	5.0	0.01	4.0	1	0.01	sigmoid	sgd	FL	2	0.7	0.9999
model_119	1e-07	1e-06	1e-05	0.05	2.0	1	0.1	leakyrelu	adadelta	CE	2	0.7	0.0
model_120	1e-07	0.1	1e-05	0.005	1.0	0	0.01	sigmoid	adagrad	CE	2	0.9	0.75
model_121	1e-08	0.001	5.0	0.01	4.0	1	0.01	sigmoid	sgd	CE	4	0.7	0.0
model_122	0.0001	1e-05	1e-05	0.01	5.0	0	0.0001	sigmoid	adagrad	FL	6	0.7	0.999
model_123	0.01	1e-05	0.0001	0.25	5.0	1	0.0001	relu	sgd	CE	4	0.9	0.99
model_124	0.01	0.1	1e-05	0.25	2.0	0	0.0001	relu	rmsprop	CE	4	1.2	0.75
model_125	1e-07	0.0	1e-05	0.005	1.0	1	0.0001	tanh	sgd	FL	4	0.4	0.0
model_126	0.001	0.01	1e-05	0.01	3.0	0	1e-05	relu	adagrad	FL	8	0.3	0.75
model_127	0.1	0.001	10.0	0.1	0.5	1	0.01	sigmoid	adam	CE	2	1.0	0.99
model_128	1e-05	1e-06	0.1	0.5	3.0	1	0.1	tanh	rmsprop	FL	8	0.4	0.25
model_129	1e-05	0.01	0.1	0.1	4.0	0	0.01	leakyrelu	sgd	CE	4	0.8	0.9999
model_130	0.001	0.0	10.0	0.5	0.0	0	0.0001	sigmoid	adagrad	FL	4	0.2	0.5
model_131	0.01	0.01	0.1	0.01	1.0	1	0.1	tanh	sgd	FL	2	0.2	0.25
model_132	0.01	0.0	0.0001	0.005	0.5	0	1e-05	sigmoid	adadelta	FL	4	0.5	0.5
model_133	1e-07	0.0	0.001	0.25	5.0	1	0.001	sigmoid	adadelta	CE	6	0.2	0.5
model_134	0.1	1e-07	1.0	0.01	5.0	1	0.01	tanh	sgd	FL	2	0.3	0.99
model_135	1e-08	0.0	1.0	0.01	2.0	0	0.01	leakyrelu	sgd	CE	2	0.4	0.9999
model_136	0.01	1e-07	5.0	0.05	4.0	1	1e-05	tanh	adam	FL	6	0.6	0.25
model_137	1e-07	0.001	0.001	0.25	1.0	1	0.1	relu	adagrad	FL	6	0.3	0.99
model_138	1e-05	1e-06	0.001	0.5	0.5	0	0.0001	sigmoid	adam	FL	6	0.9	0.99
model_139	1e-08	0.1	1e-05	0.25	3.0	1	0.01	relu	adagrad	FL	4	0.6	0.9999
model_140	0.001	1e-05	5.0	0.005	2.0	0	0.01	leakyrelu	adam	CE	4	0.4	0.99
model_141	0.0001	0.01	1e-05	0.05	1.0	1	1e-05	tanh	adam	FL	2	1.0	0.999
model_142	1e-08	0.0001	5.0	0.05	3.0	0	1e-05	leakyrelu	rmsprop	FL	6	0.8	0.5
model_143	0.01	1e-08	0.0001	0.01	0.0	1	0.1	leakyrelu	adagrad	FL	8	0.6	0.0
model_144	0.0001	1e-05	5.0	0.01	1.0	0	1e-05	tanh	adagrad	CE	8	1.1	0.95
model_145	0.0001	0.0001	0.0001	0.005	4.0	1	0.001	leakyrelu	adagrad	CE	6	0.3	0.25
model_146	0.0001	0.1	0.0001	0.005	1.0	1	0.1	tanh	adagrad	FL	6	1.0	0.75
model_147	0.0	0.1	0.0001	0.1	5.0	1	0.1	tanh	rmsprop	CE	2	0.5	0.999
model_148	0.0	0.01	1.0	0.25	3.0	1	0.0001	sigmoid	adadelta	FL	6	1.1	0.25
model_149	0.1	0.001	0.001	0.5	0.0	1	0.01	sigmoid	adam	FL	4	0.4	0.0
model_150	0.001	1e-07	0.001	0.25	1.0	1	0.0001	leakyrelu	rmsprop	FL	4	0.8	0.95
model_151	0.0001	0.0	0.001	0.01	0.5	0	0.01	relu	rmsprop	FL	2	0.5	0.5
model_152	0.0001	1e-07	1.0	0.005	3.0	0	0.0001	leakyrelu	sgd	FL	8	1.0	0.9999
model_153	1e-05	0.0001	0.01	0.005	2.0	1	1e-05	sigmoid	sgd	FL	4	1.0	0.999
model_154	0.0001	0.1	0.0001	0.1	5.0	1	0.01	tanh	adam	FL	4	0.3	0.25
model_155	1e-08	1e-05	0.1	0.1	3.0	1	1e-05	relu	adadelta	CE	6	0.7	0.25
model_156	1e-07	0.1	5.0	0.05	4.0	1	1e-05	relu	sgd	CE	4	0.3	0.99
model_157	0.0	0.01	0.0	0.01	1.0	1	0.01	leakyrelu	rmsprop	CE	4	1.0	0.75
model_158	0.0001	1e-06	10.0	0.1	4.0	1	0.001	relu	adadelta	FL	2	0.8	0.0
model_159	0.01	0.1	10.0	0.25	1.0	1	1e-05	leakyrelu	sgd	FL	8	0.2	0.75
model_160	0.0	0.001	0.0	0.25	2.0	0	0.1	relu	sgd	CE	8	1.0	0.5
model_161	0.001	0.01	0.1	0.01	2.0	1	0.0001	sigmoid	rmsprop	FL	8	0.7	0.25
model_162	0.01	1e-06	10.0	0.01	3.0	1	0.001	relu	rmsprop	FL	8	1.1	0.25
model_163	1e-05	0.001	10.0	0.05	2.0	0	0.1	tanh	adagrad	FL	4	0.9	0.5
model_164	0.0	1e-06	10.0	0.1	0.0	0	0.1	leakyrelu	adagrad	FL	8	1.0	0.25
model_165	0.001	0.0	0.001	0.05	0.5	0	0.01	tanh	adadelta	CE	6	0.6	0.25
model_166	1e-08	0.0	0.01	0.1	4.0	0	0.001	tanh	rmsprop	FL	2	1.0	0.999
model_167	0.001	1e-07	0.001	0.5	2.0	0	0.001	relu	adagrad	FL	8	0.5	0.5
model_168	0.0	0.1	10.0	0.5	2.0	0	0.1	relu	sgd	CE	2	0.2	0.99
model_169	0.0	0.0	1e-05	0.005	2.0	0	0.0001	leakyrelu	adam	FL	4	0.7	0.9999
model_170	0.001	0.0001	1e-05	0.01	3.0	1	0.01	leakyrelu	adam	FL	6	1.2	0.99
model_171	1e-08	0.0	5.0	0.005	3.0	0	0.001	tanh	sgd	CE	2	1.0	0.75
model_172	1e-06	0.0001	1e-05	0.5	1.0	0	0.1	relu	adam	FL	4	0.6	0.999
model_173	0.1	0.0001	0.1	0.1	0.0	1	0.01	sigmoid	adam	FL	4	1.0	0.25
model_174	1e-07	1e-05	0.0	0.1	0.0	1	0.1	tanh	rmsprop	CE	4	0.5	0.0
model_175	1e-05	1e-08	1e-05	0.1	1.0	0	0.001	leakyrelu	adagrad	CE	6	1.0	0.0
model_176	0.001	0.0001	0.1	0.1	0.0	0	0.0001	leakyrelu	rmsprop	FL	2	0.5	0.999
model_177	0.01	0.01	1.0	0.005	3.0	1	0.001	relu	rmsprop	FL	8	1.2	0.9999
model_178	0.01	1e-08	10.0	0.01	0.0	0	1e-05	leakyrelu	adagrad	CE	4	1.0	0.0
model_179	1e-08	0.0001	0.0001	0.25	3.0	1	0.001	leakyrelu	adadelta	FL	8	0.3	0.75
model_180	0.001	1e-05	0.001	0.01	1.0	1	0.1	sigmoid	adagrad	FL	6	0.9	0.95
model_181	0.0001	0.0	5.0	0.005	0.0	0	0.0001	relu	adam	FL	6	1.0	0.95
model_182	0.01	0.01	0.0	0.5	2.0	0	0.0001	leakyrelu	adam	FL	4	0.6	0.9999
model_183	1e-06	1e-06	0.01	0.01	3.0	1	0.001	leakyrelu	adagrad	FL	8	1.2	0.999
model_184	1e-07	1e-08	0.1	0.5	5.0	1	0.1	leakyrelu	adam	CE	2	1.1	0.5
model_185	1e-06	0.0001	0.0	0.05	0.0	0	0.0001	relu	rmsprop	CE	4	0.5	0.95
model_186	0.01	1e-07	0.1	0.01	1.0	0	0.001	relu	adam	FL	2	0.3	0.75
model_187	0.1	1e-06	10.0	0.005	2.0	1	0.1	leakyrelu	adadelta	CE	4	1.1	0.75
model_188	0.001	1e-08	1.0	0.1	3.0	1	0.01	relu	adam	FL	4	0.3	0.99
model_189	0.001	1e-06	0.0	0.5	0.5	1	0.1	relu	sgd	CE	8	0.8	0.0
model_190	1e-06	0.001	0.001	0.1	3.0	1	0.01	leakyrelu	adagrad	CE	8	0.8	0.0
model_191	0.01	0.0	1.0	0.05	1.0	1	0.01	sigmoid	adam	CE	8	0.8	0.9999
model_192	0.01	1e-06	0.01	0.05	0.0	1	0.1	sigmoid	rmsprop	CE	6	0.9	0.75
model_193	1e-06	1e-05	0.001	0.005	0.0	0	1e-05	sigmoid	rmsprop	CE	4	1.2	0.75
model_194	1e-06	0.001	0.001	0.5	3.0	0	0.0001	leakyrelu	sgd	FL	4	0.6	0.99
model_195	1e-08	0.01	10.0	0.1	4.0	1	1e-05	leakyrelu	sgd	FL	6	0.6	0.999
model_196	1e-05	0.1	0.0	0.25	5.0	1	0.1	leakyrelu	adagrad	CE	6	0.8	0.25
model_197	0.001	0.01	1e-05	0.25	5.0	0	0.01	tanh	adam	CE	6	1.2	0.95
model_198	0.0001	1e-06	1.0	0.5	0.0	0	0.1	leakyrelu	adam	CE	8	0.6	0.95
model_199	0.0001	0.0001	0.0	0.05	4.0	1	0.001	sigmoid	adadelta	CE	4	1.2	0.999
model_200	0.001	0.001	0.001	0.01	1.0	1	0.01	leakyrelu	adam	CE	2	0.5	0.5
model_201	1e-07	0.01	0.1	0.005	0.5	0	0.0001	tanh	adam	FL	6	0.8	0.999
model_202	0.0	0.001	1.0	0.25	1.0	1	0.1	relu	adam	CE	2	0.2	0.5
model_203	1e-05	1e-05	0.0001	0.1	0.0	0	0.0001	leakyrelu	adadelta	CE	8	0.4	0.75
model_204	0.0	1e-06	1.0	0.01	0.5	1	0.001	leakyrelu	adagrad	CE	6	0.6	0.75
model_205	1e-07	1e-08	1e-05	0.1	5.0	0	0.1	relu	sgd	FL	4	0.6	0.95
model_206	1e-06	0.001	1e-05	0.1	3.0	1	1e-05	relu	adadelta	CE	4	1.0	0.99
model_207	0.01	0.01	0.01	0.25	3.0	0	1e-05	tanh	rmsprop	FL	4	0.7	0.9999
model_208	0.0001	0.0	1e-05	0.01	1.0	1	0.01	tanh	adagrad	CE	4	0.3	0.5
model_209	1e-08	0.0	10.0	0.1	1.0	1	0.01	leakyrelu	adadelta	FL	2	0.5	0.95
model_210	0.0001	1e-05	1.0	0.01	5.0	0	0.0001	tanh	adam	CE	6	1.0	0.9999
model_211	1e-05	0.0001	10.0	0.005	0.5	0	0.1	relu	adadelta	CE	8	0.3	0.75
model_212	1e-06	0.001	1e-05	0.1	0.5	0	0.1	relu	adagrad	CE	4	0.2	0.0
model_213	0.0001	0.0001	0.0	0.01	4.0	1	1e-05	leakyrelu	adam	FL	8	0.6	0.95
model_214	1e-05	0.1	0.01	0.1	0.5	1	0.1	leakyrelu	adagrad	CE	4	1.1	0.95
model_215	0.0001	1e-08	1.0	0.01	0.0	1	0.1	sigmoid	rmsprop	FL	4	0.8	0.95
model_216	1e-05	0.0	0.01	0.5	5.0	0	0.001	sigmoid	adadelta	CE	2	0.4	0.75
model_217	1e-06	0.001	10.0	0.25	0.0	1	0.001	relu	rmsprop	CE	4	1.1	0.999
model_218	1e-07	1e-06	1e-05	0.25	5.0	1	0.001	leakyrelu	adagrad	CE	4	0.8	0.999
model_219	1e-07	1e-05	5.0	0.005	0.0	1	0.01	tanh	sgd	CE	4	0.8	0.75
model_220	1e-05	0.1	10.0	0.25	4.0	1	0.01	relu	adagrad	FL	4	0.3	0.25
model_221	1e-08	1e-07	1e-05	0.005	3.0	0	0.01	relu	adam	CE	6	0.9	0.75
model_222	0.1	1e-08	0.0001	0.25	0.5	0	1e-05	leakyrelu	adagrad	CE	2	1.1	0.25
model_223	1e-08	0.1	10.0	0.01	3.0	0	0.0001	relu	sgd	FL	6	0.4	0.5
model_224	0.001	0.01	1e-05	0.5	3.0	0	1e-05	relu	adam	CE	8	0.7	0.0
model_225	0.1	1e-07	0.01	0.05	1.0	0	0.0001	tanh	adam	CE	8	0.3	0.0
model_226	0.0	0.001	0.1	0.005	4.0	0	0.001	leakyrelu	adam	FL	6	0.9	0.95
model_227	0.01	0.0	1e-05	0.05	1.0	1	0.01	leakyrelu	rmsprop	CE	6	1.0	0.25
model_228	1e-05	0.01	1e-05	0.01	2.0	0	0.01	leakyrelu	sgd	FL	4	0.6	0.999
model_229	0.0	0.01	1.0	0.01	5.0	1	0.0001	relu	sgd	FL	8	1.2	0.99
model_230	1e-06	1e-05	10.0	0.005	1.0	1	0.01	leakyrelu	rmsprop	FL	6	0.4	0.99
model_231	1e-08	0.001	0.001	0.005	1.0	1	0.001	tanh	sgd	FL	8	0.6	0.75
model_232	0.0	0.01	0.01	0.01	2.0	0	1e-05	relu	adadelta	CE	4	0.7	0.999
model_233	0.0001	0.0	1.0	0.1	4.0	0	0.01	sigmoid	rmsprop	FL	6	0.9	0.75
model_234	1e-07	0.01	0.01	0.1	2.0	1	1e-05	relu	rmsprop	CE	4	1.2	0.999
model_235	1e-06	0.001	0.0	0.5	4.0	1	0.0001	tanh	sgd	FL	8	0.8	0.99
model_236	1e-05	0.001	0.1	0.25	3.0	0	0.01	leakyrelu	adagrad	CE	6	0.7	0.95
model_237	0.0001	0.001	1e-05	0.05	5.0	0	0.1	relu	adagrad	CE	6	1.2	0.95
model_238	1e-07	1e-07	1.0	0.01	0.0	0	0.001	tanh	adam	CE	8	1.2	0.75
model_239	0.0	1e-06	5.0	0.05	5.0	0	0.0001	relu	adadelta	FL	8	1.0	0.9999
model_240	0.001	0.001	0.0001	0.005	5.0	0	0.001	relu	sgd	FL	8	0.7	0.75
model_241	0.0	1e-05	0.1	0.5	1.0	0	0.001	relu	adadelta	CE	4	0.6	0.99
model_242	1e-06	0.0	0.0001	0.25	0.5	0	1e-05	leakyrelu	adadelta	CE	2	0.9	0.25
model_243	0.1	1e-06	5.0	0.1	1.0	0	1e-05	tanh	sgd	FL	6	0.4	0.0
model_244	0.1	0.001	1e-05	0.05	0.0	1	0.0001	sigmoid	adagrad	CE	8	0.5	0.95
model_245	0.0001	0.1	5.0	0.01	4.0	0	0.0001	leakyrelu	adadelta	FL	4	0.6	0.25
model_246	0.0	0.01	0.0001	0.1	5.0	0	0.01	tanh	rmsprop	CE	2	0.8	0.75
model_247	1e-08	1e-05	1.0	0.1	0.0	1	0.01	tanh	adadelta	FL	2	0.3	0.9999
model_248	0.001	0.001	0.0	0.01	2.0	1	0.001	relu	adam	CE	6	0.3	0.0
model_249	1e-05	1e-05	0.01	0.05	3.0	0	0.0001	sigmoid	adagrad	CE	4	0.4	0.95
model_250	0.01	1e-08	1.0	0.005	4.0	1	0.0001	relu	sgd	CE	2	0.5	0.25
model_251	0.001	1e-05	0.001	0.01	2.0	1	1e-05	sigmoid	sgd	CE	6	0.3	0.99
model_252	0.0	1e-08	10.0	0.5	0.5	1	0.001	relu	adadelta	FL	8	0.5	0.0
model_253	0.0001	0.01	0.01	0.01	4.0	0	0.0001	relu	adagrad	FL	8	0.9	0.999
model_254	1e-05	0.01	1.0	0.1	3.0	1	0.001	relu	sgd	CE	4	0.2	0.999
model_255	1e-05	0.0001	0.0	0.5	3.0	0	0.0001	tanh	adam	FL	6	0.3	0.99
model_256	0.0	0.001	1e-05	0.5	2.0	0	0.001	relu	adam	FL	2	0.4	0.9999
model_257	1e-05	1e-07	1.0	0.1	0.5	0	0.001	leakyrelu	adagrad	FL	2	1.2	0.95
model_258	0.01	0.01	0.0	0.5	5.0	0	0.0001	relu	adadelta	FL	2	1.0	0.99
model_259	0.01	0.0001	0.1	0.1	0.5	0	1e-05	leakyrelu	rmsprop	FL	4	0.2	0.9999
model_260	0.01	0.1	0.0001	0.01	0.0	1	0.1	tanh	adam	CE	8	0.5	0.99
model_261	0.01	0.01	1.0	0.25	5.0	0	0.1	sigmoid	adagrad	FL	8	0.6	0.0
model_262	1e-05	0.0001	0.001	0.05	3.0	1	0.001	sigmoid	rmsprop	FL	2	0.9	0.25
model_263	0.01	0.0	0.1	0.5	5.0	1	0.001	tanh	adagrad	CE	8	1.2	0.5
model_264	1e-07	1e-07	1.0	0.05	3.0	0	0.001	sigmoid	adagrad	CE	4	0.2	0.25
model_265	0.1	1e-08	0.0001	0.25	0.0	0	0.1	leakyrelu	sgd	FL	4	0.6	0.25
model_266	0.0001	1e-07	1.0	0.25	4.0	1	0.0001	relu	adadelta	CE	4	0.6	0.75
model_267	0.01	0.01	1e-05	0.1	4.0	0	1e-05	relu	adadelta	FL	8	0.8	0.9999
model_268	1e-06	0.001	0.1	0.01	3.0	0	0.0001	tanh	rmsprop	CE	2	1.1	0.99
model_269	0.0001	1e-05	1e-05	0.005	3.0	1	0.0001	leakyrelu	rmsprop	FL	4	0.7	0.0
model_270	1e-07	0.001	0.1	0.5	2.0	1	1e-05	relu	adagrad	FL	2	0.8	0.999
model_271	0.0	1e-08	0.001	0.05	0.0	1	0.001	leakyrelu	adam	CE	4	0.6	0.25
model_272	0.0	0.0001	1.0	0.25	1.0	0	0.0001	sigmoid	rmsprop	CE	4	0.2	0.9999
model_273	0.001	1e-07	1.0	0.05	4.0	1	0.1	relu	rmsprop	CE	8	0.7	0.5
model_274	0.01	1e-07	0.0	0.5	4.0	1	0.001	tanh	sgd	FL	2	1.1	0.99
model_275	1e-06	0.0001	0.0001	0.25	4.0	0	0.1	leakyrelu	sgd	CE	2	0.6	0.99
model_276	1e-08	1e-06	10.0	0.5	2.0	1	0.0001	sigmoid	adagrad	CE	6	0.2	0.999
model_277	0.1	1e-05	0.01	0.005	0.0	1	0.1	relu	adagrad	CE	8	0.4	0.99
model_278	1e-06	1e-06	0.0	0.01	5.0	0	1e-05	tanh	rmsprop	CE	6	0.6	0.99
model_279	0.1	1e-07	0.01	0.5	1.0	1	0.01	tanh	adam	FL	6	0.9	0.5
model_280	0.0	1e-06	1e-05	0.5	4.0	1	0.1	tanh	sgd	CE	2	0.8	0.9999
model_281	1e-06	1e-08	0.0001	0.25	2.0	1	0.0001	leakyrelu	rmsprop	FL	8	0.7	0.75
model_282	0.01	1e-05	10.0	0.5	3.0	0	0.0001	leakyrelu	adam	CE	8	0.8	0.75
model_283	0.0001	1e-06	0.0	0.005	2.0	0	0.001	sigmoid	adam	CE	2	0.8	0.25
model_284	0.0	1e-07	5.0	0.5	3.0	0	0.001	sigmoid	adadelta	FL	2	1.0	0.95
model_285	0.0001	1e-07	5.0	0.1	2.0	1	0.001	tanh	sgd	CE	2	0.6	0.999
model_286	0.0001	1e-07	0.1	0.5	1.0	1	0.1	sigmoid	rmsprop	CE	6	0.8	0.95
model_287	1e-07	0.0	0.0	0.01	0.0	0	1e-05	tanh	adagrad	FL	4	1.0	0.25
model_288	0.0001	0.0	10.0	0.01	2.0	1	0.1	sigmoid	adam	CE	4	0.4	0.5
model_289	0.0	0.01	1.0	0.25	4.0	1	0.01	tanh	rmsprop	FL	4	0.6	0.25
model_290	1e-05	0.01	1.0	0.01	0.0	1	1e-05	leakyrelu	adagrad	FL	8	0.4	0.999
model_291	1e-07	1e-05	0.0001	0.25	4.0	1	0.1	relu	sgd	FL	6	0.3	0.75
model_292	1e-08	0.001	0.0	0.25	5.0	1	1e-05	tanh	sgd	FL	8	1.1	0.99
model_293	0.001	1e-08	0.0001	0.05	1.0	0	1e-05	sigmoid	adagrad	CE	6	0.7	0.25
model_294	0.0001	1e-05	5.0	0.1	3.0	0	0.01	tanh	adadelta	FL	2	0.3	0.25
model_295	0.01	1e-06	0.01	0.005	1.0	0	0.001	sigmoid	rmsprop	CE	4	1.2	0.99
model_296	1e-05	1e-06	0.001	0.01	5.0	1	0.01	tanh	sgd	CE	2	1.1	0.99
model_297	0.01	0.1	0.001	0.005	4.0	1	0.01	relu	adam	CE	4	0.3	0.95
model_298	0.01	0.0	0.001	0.1	4.0	0	0.1	sigmoid	sgd	FL	2	0.3	0.9999
model_299	1e-07	1e-08	0.0001	0.5	0.5	1	0.0001	tanh	adadelta	CE	4	0.5	0.75
model_300	0.01	0.0001	1e-05	0.1	0.5	0	0.001	sigmoid	sgd	FL	2	0.7	0.5
model_301	1e-07	0.0001	1.0	0.1	1.0	0	1e-05	tanh	rmsprop	FL	4	0.8	0.0
model_302	0.0	1e-08	0.0	0.25	1.0	0	0.1	leakyrelu	sgd	FL	2	0.7	0.9999
model_303	0.0001	1e-05	5.0	0.01	0.0	0	0.1	sigmoid	adadelta	CE	4	1.2	0.999
model_304	0.001	1e-05	10.0	0.05	5.0	0	1e-05	relu	adadelta	FL	2	1.1	0.95
model_305	1e-05	0.1	0.001	0.01	5.0	0	0.0001	relu	rmsprop	FL	6	0.9	0.0
model_306	0.0	1e-08	5.0	0.1	0.5	1	0.1	leakyrelu	rmsprop	CE	2	1.1	0.75
model_307	0.1	0.1	0.01	0.005	4.0	0	1e-05	relu	adam	FL	6	0.4	0.5
model_308	0.0001	0.001	10.0	0.25	1.0	1	0.0001	leakyrelu	rmsprop	FL	6	1.0	0.0
model_309	0.001	0.1	10.0	0.5	0.0	1	0.1	leakyrelu	rmsprop	FL	6	0.5	0.5
model_310	0.1	0.0001	0.0	0.005	0.5	1	1e-05	sigmoid	sgd	CE	2	0.4	0.999
model_311	1e-05	1e-05	0.001	0.1	4.0	0	0.1	leakyrelu	sgd	FL	6	0.6	0.75
model_312	1e-07	0.0	10.0	0.01	5.0	1	0.001	tanh	adam	FL	8	0.5	0.5
model_313	0.0	0.001	0.0	0.25	4.0	0	0.01	leakyrelu	rmsprop	CE	2	0.4	0.0
model_314	1e-06	1e-06	0.001	0.01	1.0	1	1e-05	relu	adam	CE	8	0.5	0.99
model_315	1e-05	0.0	0.0001	0.005	3.0	0	0.0001	leakyrelu	adagrad	FL	4	0.2	0.0
model_316	0.0	0.001	0.001	0.5	1.0	1	0.0001	relu	rmsprop	CE	6	0.8	0.95
model_317	1e-05	0.01	0.0001	0.5	5.0	1	1e-05	relu	adagrad	CE	4	1.0	0.5
model_318	0.0001	0.01	0.1	0.5	0.0	0	0.001	tanh	rmsprop	FL	4	0.7	0.5
model_319	0.1	0.01	0.01	0.5	4.0	0	0.01	relu	adam	FL	6	0.4	0.9999
model_320	0.01	0.001	1e-05	0.5	5.0	0	0.1	relu	adagrad	FL	2	0.4	0.99
model_321	0.0	0.1	10.0	0.1	4.0	1	0.001	leakyrelu	adagrad	CE	6	0.6	0.9999
model_322	1e-06	0.001	0.0	0.01	4.0	1	0.001	leakyrelu	adam	FL	4	1.1	0.95
model_323	0.001	1e-07	10.0	0.1	0.5	0	0.0001	relu	rmsprop	CE	2	0.2	0.999
model_324	1e-08	0.01	0.1	0.25	0.0	0	1e-05	tanh	adagrad	CE	4	0.9	0.5
model_325	0.1	1e-07	0.001	0.005	5.0	0	0.1	tanh	rmsprop	FL	6	0.5	0.9999
model_326	1e-05	0.01	5.0	0.01	3.0	1	0.001	leakyrelu	rmsprop	FL	6	0.5	0.75
model_327	1e-07	1e-06	5.0	0.25	1.0	1	0.01	tanh	rmsprop	CE	8	1.2	0.25
model_328	0.0	0.1	1e-05	0.1	4.0	1	0.1	relu	adam	CE	2	0.8	0.999
model_329	0.1	0.001	1e-05	0.05	1.0	1	0.1	tanh	rmsprop	FL	2	1.2	0.5
model_330	1e-08	1e-06	0.001	0.5	0.0	1	0.01	tanh	adam	FL	8	0.4	0.99
model_331	0.001	0.01	1e-05	0.5	5.0	0	0.1	relu	rmsprop	CE	4	0.5	0.25
model_332	0.01	0.0	0.0	0.005	4.0	1	0.1	relu	adagrad	CE	6	0.5	0.99
model_333	0.01	0.001	10.0	0.1	4.0	0	1e-05	relu	sgd	CE	8	1.2	0.999
model_334	0.1	1e-08	1.0	0.25	3.0	0	0.01	leakyrelu	adadelta	FL	2	0.9	0.95
model_335	1e-08	0.1	1.0	0.5	5.0	0	0.0001	relu	adagrad	FL	4	1.0	0.75
model_336	0.1	1e-06	1.0	0.01	5.0	1	0.1	leakyrelu	adadelta	FL	8	0.6	0.99
model_337	0.1	0.01	0.1	0.005	2.0	1	0.01	relu	sgd	FL	8	0.9	0.99
model_338	1e-08	0.0	0.0001	0.05	2.0	0	0.0001	sigmoid	rmsprop	CE	8	0.4	0.95
model_339	0.0	1e-07	10.0	0.5	0.0	0	0.001	tanh	rmsprop	CE	2	0.7	0.9999
model_340	0.01	0.001	10.0	0.25	1.0	0	0.001	leakyrelu	adagrad	FL	6	0.3	0.95
model_341	1e-05	0.0001	0.001	0.05	4.0	0	0.001	leakyrelu	sgd	CE	4	0.5	0.5
model_342	0.0001	0.01	0.1	0.01	4.0	1	0.0001	leakyrelu	rmsprop	FL	6	1.2	0.0
model_343	0.0	1e-05	1.0	0.5	0.0	1	0.1	leakyrelu	adadelta	CE	4	0.5	0.5
model_344	1e-05	0.001	1e-05	0.01	0.0	0	0.0001	leakyrelu	sgd	FL	6	0.3	0.999
model_345	1e-06	0.0	0.001	0.25	4.0	1	0.001	sigmoid	rmsprop	CE	4	0.3	0.5
model_346	0.01	0.0001	0.0001	0.5	1.0	0	0.001	relu	adadelta	FL	6	0.2	0.9999
model_347	0.001	0.0001	0.001	0.005	0.5	0	0.1	leakyrelu	adagrad	CE	4	1.2	0.25
model_348	0.01	1e-07	5.0	0.1	0.0	0	0.001	tanh	rmsprop	FL	2	1.0	0.75
model_349	0.01	0.01	1.0	0.005	1.0	1	1e-05	leakyrelu	adagrad	CE	8	0.7	0.0
model_350	0.01	1e-05	0.01	0.5	5.0	0	0.001	sigmoid	adadelta	CE	8	1.1	0.9999
model_351	1e-05	1e-08	1e-05	0.1	1.0	1	0.001	relu	adam	FL	6	0.6	0.99
model_352	1e-06	0.0001	0.0001	0.05	3.0	0	0.001	tanh	rmsprop	FL	2	0.9	0.9999
model_353	0.0	0.1	1e-05	0.25	0.5	1	0.01	leakyrelu	adam	FL	6	1.0	0.75
model_354	0.001	0.01	0.001	0.25	1.0	0	1e-05	sigmoid	adam	CE	4	0.8	0.99
model_355	1e-08	1e-08	0.0	0.1	1.0	1	0.001	sigmoid	adam	CE	4	1.1	0.99
model_356	0.0	1e-07	0.001	0.01	0.0	0	1e-05	relu	adagrad	FL	2	1.1	0.75
model_357	0.1	0.01	0.0	0.01	0.0	0	0.1	tanh	adadelta	FL	6	0.9	0.999
model_358	1e-05	1e-07	1.0	0.01	4.0	0	0.01	sigmoid	adagrad	CE	8	0.5	0.75
model_359	0.0	0.0	5.0	0.5	2.0	1	0.001	leakyrelu	adadelta	FL	2	0.8	0.75
model_360	0.001	0.0001	10.0	0.005	0.5	1	0.01	leakyrelu	adadelta	FL	2	0.6	0.95
model_361	1e-07	0.001	0.1	0.01	4.0	0	1e-05	tanh	sgd	FL	4	0.6	0.9999
model_362	0.0	0.0001	1.0	0.005	2.0	1	0.1	tanh	rmsprop	CE	6	0.9	0.99
model_363	1e-07	0.0	0.01	0.25	0.0	1	0.0001	tanh	adagrad	FL	4	0.5	0.25
model_364	0.001	0.1	0.01	0.1	4.0	0	1e-05	sigmoid	adagrad	FL	8	1.2	0.25
model_365	0.0	1e-08	0.01	0.25	4.0	1	0.0001	tanh	adam	FL	6	1.0	0.75
model_366	0.1	1e-07	5.0	0.5	5.0	1	0.0001	leakyrelu	sgd	FL	2	0.4	0.99
model_367	1e-08	0.0001	1.0	0.01	4.0	0	1e-05	sigmoid	rmsprop	CE	2	0.3	0.99
model_368	1e-05	0.1	1e-05	0.25	3.0	0	0.001	leakyrelu	adam	FL	4	0.3	0.75
model_369	0.01	1e-05	1.0	0.01	1.0	1	1e-05	sigmoid	adadelta	CE	8	0.5	0.75
model_370	0.001	1e-06	1e-05	0.1	4.0	0	0.0001	leakyrelu	adagrad	CE	2	0.7	0.95
model_371	1e-08	0.0	0.001	0.005	4.0	0	1e-05	relu	adagrad	FL	6	0.8	0.95
model_372	0.0001	1e-08	0.0	0.005	5.0	0	1e-05	relu	adagrad	FL	6	0.7	0.25
model_373	0.01	1e-05	5.0	0.1	0.0	0	1e-05	relu	adagrad	CE	2	0.8	0.95
model_374	0.1	1e-07	0.0001	0.5	3.0	0	1e-05	relu	rmsprop	CE	8	1.2	0.5
model_375	1e-08	0.01	1e-05	0.05	0.0	0	0.0001	tanh	sgd	FL	6	1.2	0.9999
model_376	0.1	0.001	0.1	0.25	3.0	0	0.01	relu	rmsprop	FL	8	0.2	0.999
model_377	0.001	1e-08	5.0	0.01	1.0	1	0.01	sigmoid	adam	CE	4	0.6	0.999
model_378	0.1	0.01	1e-05	0.25	0.0	1	0.1	tanh	adagrad	FL	4	0.2	0.25
model_379	1e-07	0.01	10.0	0.25	2.0	0	0.1	tanh	adam	CE	8	1.0	0.75
model_380	0.0001	1e-05	0.1	0.01	4.0	0	0.01	relu	adagrad	FL	4	0.8	0.0
model_381	0.001	0.001	0.01	0.05	1.0	1	0.1	relu	adadelta	FL	4	1.0	0.5
model_382	0.001	0.1	0.001	0.005	1.0	1	0.01	leakyrelu	sgd	CE	4	0.2	0.5
model_383	1e-06	1e-06	5.0	0.5	3.0	0	0.001	relu	sgd	FL	8	0.5	0.25
model_384	0.01	1e-08	0.0	0.25	3.0	0	1e-05	relu	adam	CE	4	0.5	0.999
model_385	0.001	0.0001	0.1	0.05	1.0	0	0.001	tanh	adagrad	CE	2	1.1	0.0
model_386	0.0001	0.0	1e-05	0.05	1.0	0	0.0001	tanh	adam	CE	6	0.7	0.95
model_387	1e-08	0.0	0.001	0.1	0.0	0	0.0001	sigmoid	adadelta	FL	4	0.2	0.95
model_388	0.0001	1e-05	1.0	0.25	4.0	1	0.001	sigmoid	adadelta	CE	2	0.9	0.99
model_389	1e-06	1e-06	0.0	0.01	1.0	0	0.0001	relu	rmsprop	FL	6	0.4	0.99
model_390	1e-08	0.001	1.0	0.5	3.0	1	0.0001	leakyrelu	adadelta	CE	8	0.5	0.75
model_391	0.01	1e-05	0.1	0.5	1.0	1	0.01	leakyrelu	sgd	CE	8	0.7	0.25
model_392	0.0	0.0001	0.0	0.005	0.0	1	0.01	sigmoid	adadelta	FL	2	0.4	0.99
model_393	0.0001	0.0	1.0	0.5	1.0	0	0.01	tanh	adagrad	CE	4	0.2	0.99
model_394	1e-05	1e-08	1e-05	0.25	5.0	0	0.0001	tanh	adam	FL	8	0.6	0.0
model_395	0.0001	0.0001	1e-05	0.25	2.0	1	0.0001	sigmoid	sgd	CE	4	0.2	0.25
model_396	0.1	1e-06	0.0	0.5	0.0	0	0.1	leakyrelu	adam	FL	6	0.2	0.0
model_397	0.001	0.001	0.001	0.5	4.0	0	0.01	sigmoid	adadelta	FL	4	1.0	0.9999
model_398	0.1	1e-08	0.001	0.1	2.0	0	0.0001	tanh	adagrad	CE	2	0.5	0.999
model_399	0.1	1e-08	0.01	0.25	5.0	1	1e-05	relu	sgd	CE	4	1.2	0.95
model_400	0.01	0.01	5.0	0.01	5.0	0	0.01	sigmoid	adam	CE	4	1.0	0.25
model_401	1e-05	1e-06	10.0	0.01	0.0	0	0.1	leakyrelu	sgd	CE	4	0.7	0.75
model_402	0.0	1e-05	0.001	0.05	2.0	1	0.1	sigmoid	adagrad	CE	2	0.2	0.999
model_403	0.01	0.001	5.0	0.1	0.0	0	0.1	sigmoid	adagrad	FL	6	0.7	0.5
model_404	0.1	0.1	0.0	0.25	5.0	0	0.001	leakyrelu	sgd	CE	2	0.6	0.0
model_405	0.0001	1e-05	1.0	0.25	4.0	1	0.0001	relu	adagrad	FL	6	1.0	0.9999
model_406	0.1	1e-05	0.1	0.25	2.0	0	0.01	sigmoid	sgd	CE	4	0.5	0.5
model_407	0.01	1e-08	1e-05	0.1	0.5	1	0.1	leakyrelu	rmsprop	CE	6	0.8	0.0
model_408	0.0	1e-07	0.01	0.1	5.0	0	0.01	tanh	adagrad	FL	8	0.5	0.75
model_409	0.0001	0.001	0.0001	0.01	5.0	0	0.1	sigmoid	adagrad	CE	2	1.2	0.0
model_410	0.1	1e-07	1e-05	0.05	5.0	0	0.1	relu	adadelta	CE	4	0.2	0.999
model_411	0.0	0.001	0.001	0.25	2.0	1	0.001	leakyrelu	adadelta	FL	8	0.3	0.25
model_412	1e-06	0.1	0.0	0.01	1.0	1	0.0001	tanh	adadelta	FL	4	0.8	0.5
model_413	1e-05	1e-08	1.0	0.005	0.0	1	0.001	relu	adam	CE	6	0.4	0.5
model_414	1e-06	1e-08	0.0001	0.01	1.0	1	0.0001	sigmoid	sgd	FL	2	1.2	0.75
model_415	1e-05	0.0	0.1	0.05	2.0	1	0.1	tanh	adadelta	CE	6	0.2	0.95
model_416	0.0001	1e-08	0.1	0.01	5.0	1	0.0001	relu	rmsprop	CE	4	1.1	0.99
model_417	0.01	1e-05	0.001	0.05	2.0	1	0.001	leakyrelu	adagrad	CE	8	0.8	0.999
model_418	0.0	1e-05	0.1	0.25	3.0	0	0.001	sigmoid	rmsprop	FL	4	0.7	0.99
model_419	0.0	1e-08	0.0	0.5	5.0	0	0.0001	leakyrelu	sgd	CE	4	1.2	0.5
model_420	0.0	0.0001	10.0	0.05	2.0	0	0.0001	tanh	adam	CE	2	0.5	0.75
model_421	1e-06	1e-07	0.0	0.01	5.0	0	0.001	sigmoid	adagrad	FL	2	1.0	0.25
model_422	0.001	1e-05	10.0	0.1	1.0	1	0.0001	sigmoid	adam	FL	4	0.5	0.99
model_423	1e-05	0.1	1e-05	0.5	3.0	0	0.01	sigmoid	adagrad	CE	6	0.7	0.95
model_424	1e-07	1e-08	0.001	0.5	2.0	0	0.1	sigmoid	adadelta	CE	2	0.9	0.5
model_425	0.001	0.001	5.0	0.1	5.0	1	0.1	tanh	rmsprop	FL	6	1.2	0.75
model_426	0.1	1e-06	1e-05	0.1	2.0	0	1e-05	sigmoid	adadelta	FL	4	0.4	0.5
model_427	0.0	0.0	5.0	0.05	3.0	0	0.01	relu	adadelta	FL	4	1.1	0.5
model_428	0.0001	0.1	1.0	0.1	0.0	0	0.0001	leakyrelu	rmsprop	CE	2	1.1	0.95
model_429	1e-07	1e-05	0.001	0.5	5.0	1	1e-05	sigmoid	sgd	CE	2	0.5	0.0
model_430	1e-06	1e-08	5.0	0.01	5.0	1	1e-05	sigmoid	rmsprop	CE	8	0.7	0.99
model_431	0.1	0.001	0.0001	0.25	4.0	1	1e-05	relu	adam	FL	6	1.2	0.95
model_432	0.01	1e-05	0.01	0.005	2.0	1	0.0001	tanh	adagrad	FL	4	0.2	0.95
model_433	0.0001	1e-06	0.0001	0.5	1.0	0	0.0001	relu	sgd	FL	2	0.4	0.0
model_434	0.0	0.1	0.01	0.005	5.0	1	0.1	relu	adam	FL	2	0.3	0.9999
model_435	1e-07	0.1	0.01	0.25	5.0	0	0.0001	leakyrelu	adam	CE	6	0.7	0.75
model_436	1e-05	1e-06	0.001	0.05	5.0	0	0.1	tanh	adadelta	CE	6	0.4	0.95
model_437	1e-07	0.001	0.001	0.01	0.5	0	0.01	tanh	adadelta	CE	2	0.5	0.5
model_438	1e-07	1e-08	1.0	0.005	4.0	1	0.1	relu	rmsprop	CE	8	1.2	0.99
model_439	0.001	0.01	1.0	0.05	5.0	1	0.0001	sigmoid	adadelta	CE	6	0.3	0.0
model_440	0.1	0.1	0.1	0.05	2.0	0	1e-05	tanh	adagrad	FL	6	0.4	0.9999
model_441	1e-05	0.0	1e-05	0.5	0.0	0	0.0001	sigmoid	adadelta	CE	8	0.2	0.75
model_442	0.1	0.0001	0.01	0.25	0.5	1	0.0001	sigmoid	rmsprop	FL	8	0.3	0.5
model_443	1e-05	0.01	1.0	0.25	0.0	1	0.1	leakyrelu	rmsprop	FL	6	1.1	0.75
model_444	0.001	1e-08	0.01	0.005	4.0	1	0.1	sigmoid	adagrad	CE	4	0.2	0.5
model_445	1e-08	1e-06	0.0001	0.1	5.0	1	0.1	leakyrelu	sgd	FL	4	0.6	0.0
model_446	0.0001	0.0001	0.01	0.25	0.0	0	0.001	relu	rmsprop	FL	4	0.9	0.75
model_447	1e-06	0.1	0.1	0.5	0.0	0	0.0001	sigmoid	adagrad	FL	8	0.3	0.95
model_448	0.0001	1e-06	0.0001	0.25	3.0	1	1e-05	relu	rmsprop	FL	2	0.8	0.0
model_449	0.01	0.0	0.1	0.005	0.0	1	0.001	leakyrelu	sgd	CE	4	1.0	0.999
model_450	0.0	0.1	10.0	0.01	0.0	1	0.01	relu	sgd	CE	8	0.9	0.75
model_451	1e-07	0.001	10.0	0.01	4.0	1	0.01	relu	sgd	FL	2	0.6	0.9999
model_452	0.1	1e-05	0.0	0.1	0.5	1	0.01	tanh	adagrad	FL	2	1.1	0.99
model_453	1e-06	0.0	1e-05	0.5	1.0	1	0.0001	sigmoid	adadelta	CE	4	0.5	0.75
model_454	1e-08	0.01	10.0	0.5	0.5	1	0.001	leakyrelu	adam	CE	6	1.2	0.75
model_455	1e-08	0.1	1e-05	0.5	5.0	0	1e-05	relu	adam	CE	2	0.7	0.5
model_456	1e-05	0.0	0.0001	0.1	3.0	0	0.001	tanh	adadelta	CE	6	0.6	0.75
model_457	1e-06	0.0001	5.0	0.005	0.0	1	1e-05	leakyrelu	adam	FL	2	0.4	0.25
model_458	1e-06	0.1	0.0	0.005	4.0	0	0.01	relu	adagrad	CE	6	1.1	0.5
model_459	0.0	1e-08	0.0	0.05	4.0	1	0.1	leakyrelu	rmsprop	CE	2	0.7	0.25
model_460	0.01	1e-06	0.001	0.25	4.0	0	0.1	leakyrelu	rmsprop	FL	2	1.1	0.0
model_461	0.0	0.01	0.1	0.5	2.0	0	1e-05	tanh	adagrad	FL	2	0.2	0.99
model_462	1e-06	1e-08	1.0	0.005	0.0	1	0.1	relu	adadelta	CE	2	0.7	0.95
model_463	0.1	1e-08	0.01	0.5	4.0	0	1e-05	sigmoid	adadelta	CE	4	0.7	0.25
model_464	0.1	1e-08	5.0	0.05	4.0	0	0.1	relu	adadelta	FL	4	0.2	0.75
model_465	0.1	1e-07	5.0	0.005	3.0	0	0.01	sigmoid	adadelta	FL	2	0.3	0.0
model_466	1e-06	0.0001	1.0	0.05	4.0	1	1e-05	leakyrelu	adadelta	FL	6	0.4	0.9999
model_467	1e-07	0.0	0.0	0.05	2.0	0	0.0001	sigmoid	adam	CE	2	0.6	0.75
model_468	1e-06	0.1	10.0	0.05	0.0	1	0.01	tanh	adam	CE	6	0.9	0.5
model_469	0.0001	0.0	0.1	0.05	5.0	1	0.001	leakyrelu	rmsprop	CE	2	1.0	0.75
model_470	1e-08	0.1	1e-05	0.005	1.0	0	0.001	tanh	sgd	CE	4	1.0	0.999
model_471	0.001	1e-05	0.0001	0.1	4.0	1	1e-05	sigmoid	rmsprop	CE	4	1.1	0.99
model_472	1e-06	0.001	5.0	0.01	2.0	1	0.001	relu	adadelta	FL	2	0.4	0.25
model_473	1e-06	1e-08	0.01	0.1	0.5	1	0.01	leakyrelu	adagrad	FL	6	0.7	0.95
model_474	1e-08	0.0	1e-05	0.1	0.0	0	0.0001	relu	adadelta	CE	8	0.9	0.5
model_475	0.01	1e-08	0.1	0.01	0.5	0	0.001	tanh	rmsprop	FL	6	1.1	0.5
model_476	0.01	0.001	0.0	0.05	1.0	1	0.01	sigmoid	adagrad	FL	8	0.5	0.9999
model_477	1e-06	0.001	0.01	0.005	0.0	1	0.001	sigmoid	rmsprop	CE	2	1.1	0.9999
model_478	0.0001	0.01	0.0	0.005	1.0	0	0.1	sigmoid	sgd	FL	2	0.3	0.0
model_479	1e-08	1e-05	0.0	0.01	5.0	0	0.1	leakyrelu	adam	FL	8	0.4	0.25
model_480	0.0	1e-08	0.0	0.5	0.0	0	0.0001	relu	adagrad	FL	4	1.2	0.99
model_481	1e-05	0.0001	5.0	0.1	5.0	1	0.01	leakyrelu	rmsprop	FL	6	0.4	0.0
model_482	1e-08	0.01	0.0	0.05	4.0	1	1e-05	leakyrelu	sgd	CE	8	0.7	0.75
model_483	0.0001	0.001	0.0001	0.005	2.0	0	0.1	relu	sgd	CE	2	1.0	0.9999
model_484	0.001	1e-06	1e-05	0.5	0.0	0	0.0001	sigmoid	adagrad	CE	2	0.7	0.9999
model_485	0.01	1e-07	1e-05	0.05	0.0	0	0.01	tanh	adagrad	CE	4	0.5	0.5
model_486	1e-06	0.0001	0.1	0.1	5.0	0	1e-05	relu	adam	CE	8	0.5	0.0
model_487	0.1	1e-08	0.0001	0.05	3.0	1	0.001	tanh	adagrad	CE	2	0.8	0.99
model_488	0.01	0.001	1.0	0.05	4.0	0	0.01	leakyrelu	adagrad	CE	8	0.3	0.5
model_489	0.01	1e-07	5.0	0.01	3.0	1	0.0001	sigmoid	rmsprop	FL	6	0.2	0.5
model_490	0.0001	1e-08	1e-05	0.005	1.0	1	1e-05	leakyrelu	adam	FL	8	0.6	0.25
model_491	0.001	1e-05	0.0001	0.25	2.0	1	1e-05	relu	adadelta	FL	2	0.5	0.75
model_492	1e-06	1e-06	0.1	0.25	0.5	1	0.001	relu	adagrad	FL	2	1.1	0.9999
model_493	0.1	1e-06	0.001	0.5	5.0	1	0.1	tanh	adadelta	CE	8	0.8	0.75
model_494	0.01	1e-07	0.0	0.01	3.0	0	0.0001	sigmoid	sgd	CE	8	0.6	0.99
model_495	1e-08	1e-06	0.1	0.25	2.0	0	0.01	sigmoid	adam	FL	2	0.3	0.25
model_496	1e-05	0.01	5.0	0.005	2.0	0	0.0001	relu	sgd	FL	8	0.2	0.25
model_497	0.0001	1e-06	5.0	0.005	0.5	1	0.1	leakyrelu	adadelta	FL	8	0.7	0.25
model_498	1e-05	1e-06	0.01	0.01	4.0	1	0.0001	relu	adam	CE	6	0.8	0.99
model_499	0.0001	0.0	0.001	0.25	3.0	0	0.001	relu	rmsprop	FL	6	0.3	0.0
model_500	1e-07	0.0	1.0	0.05	2.0	1	0.0001	tanh	sgd	CE	4	0.6	0.5
model_501	1e-06	0.0001	10.0	0.01	2.0	1	0.0001	leakyrelu	adagrad	CE	6	0.9	0.5
model_502	1e-08	0.1	0.001	0.05	4.0	0	0.0001	tanh	adam	CE	2	0.8	0.25
model_503	0.0001	1e-07	0.0	0.1	0.0	1	0.001	sigmoid	rmsprop	CE	8	0.6	0.25
model_504	0.1	0.0	1.0	0.005	3.0	1	0.0001	relu	adam	CE	2	0.9	0.999
model_505	1e-08	1e-06	0.001	0.05	4.0	0	1e-05	sigmoid	adagrad	FL	2	0.2	0.99
model_506	0.0	0.0001	0.0	0.5	2.0	1	0.0001	sigmoid	adam	FL	8	0.8	0.25
model_507	0.01	1e-07	1.0	0.005	5.0	0	1e-05	tanh	rmsprop	CE	2	0.3	0.95
model_508	1e-05	1e-05	0.01	0.01	2.0	0	0.0001	leakyrelu	adagrad	CE	4	1.2	0.75
model_509	0.0	0.0	1.0	0.25	2.0	1	1e-05	tanh	adam	FL	6	0.7	0.95
model_510	0.0	0.0	0.1	0.005	5.0	0	0.001	leakyrelu	sgd	FL	2	1.0	0.9999
model_511	1e-05	1e-05	0.0	0.01	1.0	1	0.01	tanh	sgd	FL	4	0.7	0.75
model_512	0.01	0.01	0.1	0.25	0.5	1	0.1	tanh	adam	CE	8	1.1	0.75
model_513	0.0	1e-05	0.001	0.1	0.5	0	0.001	relu	rmsprop	CE	6	0.6	0.5
model_514	1e-05	0.001	1e-05	0.01	0.5	0	0.001	tanh	sgd	CE	2	0.5	0.5
model_515	0.0	1e-05	1e-05	0.005	4.0	1	0.001	leakyrelu	sgd	FL	4	0.6	0.99
model_516	1e-08	1e-06	0.01	0.5	4.0	0	0.01	tanh	adagrad	FL	8	0.3	0.25
model_517	0.0001	1e-06	10.0	0.25	0.0	0	0.0001	sigmoid	rmsprop	FL	6	0.7	0.25
model_518	0.001	0.01	0.1	0.05	1.0	1	0.0001	relu	adam	FL	2	0.2	0.99
model_519	1e-05	1e-06	1e-05	0.05	2.0	0	1e-05	relu	rmsprop	CE	8	1.2	0.999
model_520	0.1	0.001	1e-05	0.005	0.5	1	1e-05	tanh	rmsprop	CE	2	0.4	0.999
model_521	1e-08	0.0001	0.1	0.05	5.0	1	0.1	tanh	sgd	FL	2	0.2	0.5
model_522	0.01	1e-07	0.1	0.1	3.0	0	0.01	sigmoid	adadelta	FL	4	0.9	0.25
model_523	0.1	0.001	0.001	0.5	4.0	0	0.0001	leakyrelu	adadelta	FL	8	0.2	0.0
model_524	1e-08	0.0001	0.1	0.05	3.0	1	0.0001	leakyrelu	adadelta	FL	4	0.3	0.99
model_525	0.0	1e-05	1.0	0.01	3.0	0	0.1	tanh	rmsprop	FL	2	0.3	0.999
model_526	1e-06	0.001	0.01	0.005	0.0	1	0.0001	tanh	rmsprop	FL	8	0.3	0.25
model_527	0.1	1e-06	0.1	0.005	0.0	0	1e-05	tanh	adagrad	CE	6	0.2	0.999
model_528	0.001	1e-06	0.01	0.1	4.0	0	0.1	sigmoid	rmsprop	CE	8	1.1	0.25
model_529	0.0001	1e-08	0.0	0.1	2.0	1	0.001	leakyrelu	adam	CE	2	1.1	0.9999
model_530	0.001	0.0001	0.01	0.005	0.0	0	0.0001	sigmoid	rmsprop	CE	8	0.3	0.75
model_531	0.1	0.0	0.0001	0.1	0.5	0	0.0001	sigmoid	adadelta	CE	4	0.2	0.999
model_532	0.1	0.0	0.001	0.005	3.0	1	0.0001	relu	adagrad	FL	6	0.5	0.25
model_533	1e-07	0.0	0.01	0.01	0.0	0	1e-05	relu	adam	FL	2	1.0	0.25
model_534	1e-07	1e-08	5.0	0.05	5.0	1	0.1	sigmoid	adadelta	FL	8	0.8	0.75
model_535	1e-08	0.01	0.0001	0.01	2.0	1	0.0001	leakyrelu	adagrad	FL	8	0.4	0.9999
model_536	0.001	1e-06	0.0001	0.01	5.0	0	0.1	tanh	sgd	FL	4	0.5	0.0
model_537	1e-05	0.0001	5.0	0.05	5.0	0	0.1	tanh	adam	FL	2	0.3	0.75
model_538	0.1	1e-07	5.0	0.25	0.5	0	1e-05	relu	adadelta	FL	4	0.9	0.95
model_539	0.01	0.1	0.01	0.5	1.0	0	0.0001	sigmoid	adam	FL	2	0.6	0.25
model_540	1e-05	0.01	5.0	0.5	4.0	1	0.1	tanh	adam	CE	4	1.1	0.0
model_541	0.0001	0.001	0.0	0.25	0.0	1	0.01	tanh	adam	CE	8	0.4	0.95
model_542	1e-08	0.01	0.001	0.005	2.0	0	1e-05	tanh	rmsprop	FL	2	0.6	0.25
model_543	0.1	1e-05	0.0	0.01	2.0	0	0.001	sigmoid	rmsprop	CE	4	0.8	0.0
model_544	0.01	0.01	1.0	0.25	3.0	1	0.0001	leakyrelu	sgd	FL	4	0.4	0.999
model_545	0.1	0.0	0.0	0.05	0.0	1	0.1	tanh	adam	FL	4	1.1	0.95
model_546	1e-05	0.0	0.0001	0.1	5.0	1	1e-05	tanh	adam	FL	6	1.2	0.9999
model_547	0.0001	1e-05	0.001	0.5	3.0	0	0.0001	relu	adam	FL	6	0.6	0.999
model_548	0.0001	0.01	1e-05	0.05	1.0	0	0.001	sigmoid	sgd	FL	2	0.6	0.25
model_549	0.0	1e-06	0.01	0.05	2.0	0	0.0001	leakyrelu	adam	FL	4	0.7	0.75
model_550	0.0	0.0001	10.0	0.01	4.0	1	0.001	tanh	adam	CE	6	0.8	0.75
model_551	1e-05	0.0	10.0	0.05	2.0	0	0.1	tanh	adadelta	FL	8	0.4	0.999
model_552	1e-07	0.001	0.01	0.25	3.0	0	0.1	relu	sgd	CE	6	1.2	0.25
model_553	1e-07	0.0	0.1	0.25	2.0	0	0.1	sigmoid	adagrad	FL	8	0.5	0.0
model_554	0.0001	0.1	1.0	0.05	5.0	0	0.01	sigmoid	sgd	FL	4	0.7	0.75
model_555	1e-05	0.0001	0.001	0.05	0.5	0	0.0001	leakyrelu	adadelta	CE	2	1.0	0.99
model_556	0.0	1e-05	1e-05	0.01	2.0	1	0.01	sigmoid	adam	FL	6	0.7	0.999
model_557	1e-06	1e-05	0.01	0.5	0.0	1	0.01	sigmoid	adadelta	CE	2	0.2	0.5
model_558	0.01	0.0001	1.0	0.01	5.0	0	1e-05	sigmoid	rmsprop	CE	2	1.0	0.9999
model_559	1e-05	0.0	1e-05	0.01	0.0	1	0.001	tanh	rmsprop	FL	6	1.0	0.9999
model_560	1e-05	1e-07	0.0	0.25	2.0	0	0.001	leakyrelu	adam	CE	8	0.2	0.95
model_561	0.001	1e-06	0.01	0.005	0.0	0	0.0001	relu	rmsprop	FL	8	0.9	0.75
model_562	0.1	0.001	0.0001	0.005	1.0	1	0.001	sigmoid	rmsprop	FL	8	0.4	0.75
model_563	1e-07	0.001	0.1	0.5	5.0	1	0.001	leakyrelu	rmsprop	CE	8	0.3	0.25
model_564	1e-07	0.001	10.0	0.05	5.0	0	1e-05	leakyrelu	rmsprop	CE	2	0.2	0.5
model_565	0.001	1e-05	0.01	0.005	2.0	1	0.01	tanh	adam	CE	4	0.5	0.25
model_566	1e-08	0.1	0.1	0.005	0.0	0	0.0001	tanh	sgd	CE	2	0.4	0.9999
model_567	0.0001	1e-06	1.0	0.25	4.0	0	0.0001	tanh	adagrad	FL	2	0.3	0.99
model_568	1e-07	0.0001	0.1	0.5	2.0	0	0.0001	tanh	adagrad	FL	8	1.1	0.0
model_569	1e-05	1e-05	0.0	0.25	4.0	1	0.001	relu	adadelta	CE	8	0.8	0.95
model_570	0.001	0.1	0.1	0.5	2.0	1	0.1	sigmoid	sgd	FL	4	1.2	0.0
model_571	0.1	0.1	0.001	0.25	4.0	1	0.01	sigmoid	rmsprop	FL	2	0.6	0.99
model_572	0.001	1e-07	10.0	0.005	2.0	0	0.1	sigmoid	adam	FL	2	0.3	0.75
model_573	0.0	1e-05	1e-05	0.25	2.0	0	0.001	tanh	rmsprop	CE	8	0.6	0.25
model_574	1e-07	0.0	5.0	0.01	5.0	0	0.01	sigmoid	rmsprop	FL	8	0.7	0.9999
model_575	1e-08	1e-08	0.0001	0.1	2.0	0	0.001	relu	adadelta	FL	8	0.4	0.999
model_576	1e-06	0.0001	0.1	0.005	0.0	0	1e-05	sigmoid	rmsprop	FL	6	0.9	0.5
model_577	0.001	0.0	1e-05	0.5	5.0	1	0.01	leakyrelu	adadelta	CE	2	0.9	0.99
model_578	0.001	0.1	0.001	0.5	5.0	0	0.1	sigmoid	rmsprop	CE	4	0.3	0.0
model_579	0.0	0.0001	5.0	0.1	4.0	1	0.01	leakyrelu	rmsprop	FL	8	0.3	0.5
model_580	0.1	0.1	0.01	0.05	3.0	1	0.001	sigmoid	adam	FL	2	0.4	0.5
model_581	0.0	1e-07	0.001	0.1	5.0	0	0.0001	sigmoid	sgd	FL	4	0.2	0.25
model_582	0.01	0.01	0.1	0.01	0.0	0	1e-05	leakyrelu	adagrad	FL	8	0.6	0.99
model_583	0.01	1e-07	1.0	0.1	4.0	0	0.001	leakyrelu	adadelta	CE	8	0.8	0.95
model_584	1e-06	1e-08	1e-05	0.05	3.0	1	1e-05	relu	adadelta	CE	2	1.0	0.0
model_585	1e-05	0.001	0.01	0.1	5.0	1	0.0001	relu	adagrad	CE	2	0.2	0.999
model_586	1e-06	0.01	0.1	0.01	3.0	0	0.1	relu	sgd	FL	6	0.3	0.999
model_587	0.1	1e-08	0.1	0.005	0.5	0	0.1	sigmoid	adadelta	CE	2	0.9	0.95
model_588	0.0	0.0	0.01	0.005	1.0	1	0.001	sigmoid	rmsprop	CE	2	0.7	0.5
model_589	0.0	0.01	0.0001	0.5	0.5	1	0.01	relu	adadelta	FL	8	0.3	0.5
model_590	0.001	0.0001	5.0	0.5	4.0	0	1e-05	leakyrelu	sgd	FL	4	0.3	0.5
model_591	0.1	1e-06	1e-05	0.01	0.5	1	1e-05	leakyrelu	adagrad	CE	8	0.9	0.95
model_592	1e-08	1e-05	0.0	0.01	0.5	1	0.0001	tanh	adadelta	FL	6	0.9	0.5
model_593	0.0	0.001	0.1	0.25	4.0	0	0.1	leakyrelu	rmsprop	CE	2	0.8	0.25
model_594	1e-06	1e-07	0.1	0.25	2.0	0	0.1	tanh	adam	FL	2	0.6	0.25
model_595	1e-06	0.0001	0.0	0.25	0.5	0	0.01	tanh	adam	CE	4	0.3	0.5
model_596	0.001	1e-05	0.001	0.5	0.5	0	0.001	sigmoid	rmsprop	FL	2	0.5	0.25
model_597	0.001	0.1	0.1	0.005	0.5	0	1e-05	tanh	sgd	FL	2	1.0	0.75
model_598	1e-05	1e-07	0.01	0.5	3.0	1	0.0001	relu	rmsprop	FL	6	0.5	0.5
model_599	0.0	1e-05	0.001	0.5	1.0	1	0.01	tanh	rmsprop	FL	8	0.2	0.0
model_600	0.0	1e-08	0.1	0.25	3.0	1	0.0001	sigmoid	adagrad	FL	8	1.0	0.5
model_601	0.01	1e-07	0.001	0.005	4.0	0	0.01	tanh	adagrad	CE	4	1.2	0.99
model_602	0.1	1e-07	5.0	0.01	0.0	1	0.001	sigmoid	sgd	FL	4	0.4	0.75
model_603	0.0001	0.1	1e-05	0.5	0.5	1	0.1	leakyrelu	rmsprop	CE	2	0.7	0.9999
model_604	0.1	0.001	10.0	0.5	5.0	0	0.1	relu	adagrad	CE	8	0.2	0.25
model_605	0.0001	0.0	0.1	0.005	1.0	0	1e-05	relu	adagrad	FL	4	0.7	0.95
model_606	1e-07	0.0001	1e-05	0.25	2.0	0	0.001	tanh	adadelta	CE	4	0.9	0.0
model_607	0.001	1e-05	1.0	0.05	1.0	0	1e-05	leakyrelu	rmsprop	CE	6	0.2	0.95
model_608	0.1	0.0001	0.001	0.5	1.0	1	0.01	relu	adagrad	CE	4	1.1	0.99
model_609	0.001	0.001	1.0	0.005	0.0	0	0.1	relu	adam	CE	4	1.1	0.9999
model_610	1e-05	0.0001	0.01	0.005	5.0	0	0.01	relu	adadelta	CE	6	0.4	0.75
model_611	1e-08	0.001	1e-05	0.5	2.0	0	0.001	tanh	adagrad	CE	4	1.2	0.75
model_612	0.01	1e-07	0.1	0.25	0.5	1	0.1	relu	rmsprop	CE	6	0.6	0.0
model_613	0.001	1e-08	5.0	0.005	4.0	1	1e-05	sigmoid	sgd	CE	4	0.2	0.75
model_614	0.01	0.0	0.1	0.01	4.0	0	0.0001	leakyrelu	adadelta	FL	2	0.5	0.0
model_615	1e-05	0.001	0.0001	0.005	4.0	0	0.001	relu	adadelta	FL	8	1.0	0.75
model_616	1e-08	1e-06	1.0	0.05	2.0	0	0.0001	sigmoid	rmsprop	FL	4	0.2	0.75
model_617	0.0	1e-05	5.0	0.05	1.0	0	1e-05	tanh	adadelta	CE	8	0.4	0.9999
model_618	1e-07	1e-06	1e-05	0.25	5.0	0	0.01	tanh	adagrad	FL	6	0.9	0.0
model_619	0.0001	1e-06	1.0	0.5	0.5	1	0.0001	sigmoid	sgd	FL	8	0.6	0.0
model_620	0.0001	1e-06	0.0001	0.05	1.0	0	0.0001	tanh	rmsprop	FL	2	0.9	0.999
model_621	0.01	0.001	5.0	0.05	1.0	1	0.1	leakyrelu	rmsprop	FL	8	0.2	0.999
model_622	1e-08	1e-06	5.0	0.005	2.0	1	0.0001	leakyrelu	adagrad	CE	4	0.6	0.0
model_623	0.0	0.1	0.01	0.01	1.0	1	1e-05	sigmoid	rmsprop	FL	2	0.3	0.99
model_624	0.0001	1e-08	1.0	0.1	4.0	1	0.0001	relu	adam	FL	6	1.2	0.999
model_625	0.1	0.1	1e-05	0.5	3.0	1	0.01	leakyrelu	adam	FL	6	0.4	0.0
model_626	1e-07	0.0	0.01	0.005	1.0	0	0.0001	sigmoid	adadelta	CE	8	1.2	0.95
model_627	1e-08	0.01	1.0	0.1	0.0	0	0.1	tanh	sgd	FL	8	0.5	0.0
model_628	1e-07	0.0	10.0	0.25	4.0	0	1e-05	leakyrelu	sgd	CE	6	0.5	0.999
model_629	1e-08	1e-05	5.0	0.005	0.0	1	0.0001	tanh	adagrad	CE	2	0.8	0.99
model_630	1e-05	1e-07	0.1	0.005	4.0	0	0.01	tanh	adam	FL	8	0.9	0.75
model_631	1e-08	1e-07	0.01	0.25	5.0	0	0.01	relu	adadelta	FL	8	1.2	0.0
model_632	0.0	1e-08	0.001	0.01	4.0	0	0.01	sigmoid	rmsprop	CE	4	1.0	0.0
model_633	1e-07	0.0001	5.0	0.01	3.0	1	1e-05	leakyrelu	rmsprop	CE	8	0.3	0.25
model_634	0.0	0.01	0.0	0.05	3.0	0	0.01	tanh	adadelta	FL	2	0.7	0.0
model_635	0.01	1e-06	0.0	0.005	2.0	0	0.01	tanh	sgd	FL	2	0.9	0.25
model_636	0.0	1e-05	0.1	0.1	5.0	0	1e-05	tanh	adam	CE	4	0.4	0.0
model_637	1e-07	0.001	0.0001	0.005	1.0	0	1e-05	tanh	rmsprop	FL	8	0.7	0.5
model_638	1e-08	1e-06	1e-05	0.005	4.0	1	0.01	relu	sgd	CE	6	0.9	0.999
model_639	1e-05	0.01	5.0	0.1	1.0	1	0.01	sigmoid	rmsprop	CE	2	0.8	0.5
model_640	0.1	1e-08	0.0	0.005	0.5	0	0.01	relu	rmsprop	FL	4	1.1	0.75
model_641	0.001	0.001	1.0	0.005	3.0	1	0.0001	relu	adagrad	FL	6	1.2	0.0
model_642	0.1	0.0	0.001	0.01	1.0	1	0.01	sigmoid	adagrad	FL	2	1.1	0.5
model_643	0.001	0.0	1.0	0.1	5.0	1	1e-05	leakyrelu	rmsprop	CE	2	0.7	0.99
model_644	0.0001	0.01	0.01	0.05	0.5	1	0.01	tanh	sgd	FL	2	1.1	0.75
model_645	0.0	0.001	5.0	0.05	0.0	1	0.01	sigmoid	adadelta	CE	4	1.0	0.95
model_646	1e-05	1e-07	5.0	0.5	3.0	1	0.1	relu	adam	FL	4	1.2	0.25
model_647	1e-06	1e-06	5.0	0.25	5.0	1	1e-05	relu	adam	CE	6	0.8	0.25
model_648	1e-07	0.01	0.0001	0.1	2.0	0	0.1	relu	adagrad	CE	4	0.6	0.9999
model_649	0.0001	0.01	1.0	0.005	4.0	1	0.0001	leakyrelu	adam	FL	2	0.4	0.0
model_650	0.0001	0.01	5.0	0.25	5.0	0	1e-05	relu	sgd	FL	2	0.5	0.99
model_651	0.1	1e-07	0.001	0.25	4.0	1	0.001	relu	adam	FL	6	0.3	0.95
model_652	1e-08	0.001	10.0	0.005	0.0	1	0.001	leakyrelu	adam	FL	4	1.2	0.999
model_653	1e-08	0.01	0.0001	0.005	1.0	1	1e-05	sigmoid	adadelta	FL	8	0.7	0.99
model_654	0.01	1e-05	10.0	0.05	2.0	0	1e-05	sigmoid	adagrad	FL	6	1.2	0.75
model_655	1e-05	0.0	0.001	0.25	0.0	0	1e-05	relu	sgd	CE	8	0.8	0.25
model_656	0.01	0.1	1e-05	0.005	3.0	0	0.0001	leakyrelu	adam	CE	8	0.8	0.5
model_657	0.1	1e-08	10.0	0.5	5.0	1	0.01	relu	adadelta	FL	6	0.5	0.5
model_658	0.1	1e-08	0.01	0.05	0.0	0	0.01	sigmoid	sgd	CE	6	0.8	0.9999
model_659	1e-07	1e-05	0.0001	0.005	4.0	0	0.01	sigmoid	adadelta	CE	6	0.8	0.999
model_660	0.001	1e-06	0.0	0.005	4.0	0	0.1	sigmoid	adagrad	FL	6	0.2	0.9999
model_661	0.0	1e-06	0.0001	0.25	4.0	0	0.001	tanh	adagrad	CE	2	1.0	0.75
model_662	1e-07	1e-06	10.0	0.01	2.0	1	0.1	tanh	sgd	CE	8	1.0	0.99
model_663	1e-06	0.1	0.0	0.01	0.0	1	0.01	tanh	adam	CE	4	0.6	0.75
model_664	1e-05	1e-05	5.0	0.5	4.0	1	0.001	tanh	adagrad	CE	8	0.8	0.99
model_665	0.0	0.01	0.0001	0.5	3.0	0	0.1	sigmoid	rmsprop	CE	8	0.3	0.75
model_666	1e-05	0.0001	0.001	0.25	2.0	1	0.001	tanh	adagrad	FL	6	0.9	0.9999
model_667	0.001	1e-05	0.0	0.01	3.0	1	1e-05	sigmoid	adam	CE	8	0.8	0.25
model_668	0.0	0.0001	0.001	0.25	3.0	1	0.0001	sigmoid	adam	CE	8	1.2	0.999
model_669	0.1	1e-06	0.0001	0.1	2.0	1	1e-05	relu	rmsprop	FL	2	1.1	0.25
model_670	1e-08	0.001	5.0	0.1	3.0	1	0.01	relu	adadelta	FL	4	0.5	0.99
model_671	0.01	0.1	1.0	0.01	3.0	1	0.001	tanh	rmsprop	FL	2	0.4	0.999
model_672	1e-05	1e-06	10.0	0.005	0.5	1	0.0001	sigmoid	adam	CE	6	0.8	0.25
model_673	0.001	0.001	1e-05	0.1	1.0	0	0.1	leakyrelu	rmsprop	CE	6	0.8	0.99
model_674	1e-07	0.0	5.0	0.25	4.0	0	1e-05	sigmoid	adadelta	FL	2	0.9	0.5
model_675	0.0001	0.1	0.0001	0.005	1.0	1	0.001	tanh	adam	CE	6	0.5	0.5
model_676	1e-05	0.001	0.01	0.1	0.0	0	0.001	relu	rmsprop	CE	2	0.5	0.25
model_677	1e-08	1e-08	0.01	0.01	5.0	0	1e-05	relu	adagrad	FL	8	0.4	0.9999
model_678	0.0001	0.001	0.001	0.5	2.0	1	1e-05	leakyrelu	adadelta	FL	6	0.9	0.5
model_679	1e-07	1e-07	0.01	0.01	4.0	1	0.001	leakyrelu	sgd	FL	2	0.5	0.5
model_680	1e-06	1e-05	10.0	0.1	0.0	1	0.01	sigmoid	adadelta	CE	2	0.2	0.75
model_681	1e-06	0.01	5.0	0.1	3.0	1	0.0001	relu	adagrad	FL	6	0.9	0.5
model_682	0.001	1e-07	0.0001	0.01	1.0	0	0.001	sigmoid	adagrad	CE	2	0.6	0.999
model_683	0.01	1e-08	0.1	0.05	0.5	1	0.01	tanh	adagrad	FL	8	0.3	0.99
model_684	1e-06	1e-05	1e-05	0.005	5.0	0	0.1	relu	sgd	FL	8	0.3	0.0
model_685	0.1	0.0	10.0	0.01	4.0	1	0.01	relu	adadelta	FL	2	0.5	0.9999
model_686	1e-05	1e-07	0.0001	0.05	1.0	1	1e-05	leakyrelu	rmsprop	FL	4	0.6	0.5
model_687	0.0	1e-08	10.0	0.05	2.0	1	0.001	tanh	adam	FL	4	0.4	0.25
model_688	0.0001	1e-08	1.0	0.5	2.0	0	0.0001	sigmoid	adam	FL	6	0.9	0.5
model_689	0.01	1e-06	0.01	0.1	5.0	0	0.01	tanh	adadelta	FL	2	1.1	0.25
model_690	1e-05	0.1	10.0	0.005	4.0	0	0.1	relu	adam	FL	4	1.2	0.9999
model_691	0.001	1e-08	5.0	0.05	3.0	0	0.1	sigmoid	adagrad	CE	4	0.6	0.0
model_692	1e-05	0.01	0.0001	0.005	0.5	1	0.001	leakyrelu	adagrad	CE	8	0.2	0.0
model_693	0.1	0.01	0.1	0.05	1.0	0	0.1	sigmoid	rmsprop	CE	4	0.5	0.0
model_694	0.001	1e-08	1e-05	0.01	4.0	1	0.001	sigmoid	sgd	CE	6	0.4	0.25
model_695	1e-07	0.0	10.0	0.25	5.0	0	0.1	leakyrelu	adagrad	FL	8	0.3	0.95
model_696	1e-05	0.1	1e-05	0.25	3.0	0	1e-05	leakyrelu	adadelta	CE	2	1.1	0.75
model_697	1e-06	0.0001	0.1	0.01	3.0	1	0.0001	tanh	adam	CE	4	0.3	0.9999
model_698	0.01	0.0001	0.01	0.05	1.0	1	0.01	leakyrelu	sgd	CE	2	0.8	0.0
model_699	1e-06	0.0	0.0	0.5	0.5	1	0.1	leakyrelu	rmsprop	CE	6	0.3	0.5
model_700	0.1	1e-06	0.0	0.01	4.0	1	0.0001	leakyrelu	adagrad	CE	6	0.5	0.75
model_701	1e-06	1e-07	0.001	0.5	4.0	1	0.001	sigmoid	rmsprop	FL	8	0.8	0.25
model_702	0.1	1e-08	0.01	0.01	2.0	1	0.0001	sigmoid	adagrad	FL	8	0.3	0.999
model_703	0.0001	1e-06	0.0001	0.01	4.0	1	0.01	leakyrelu	sgd	CE	4	0.8	0.75
model_704	0.0001	1e-05	5.0	0.005	0.5	0	0.01	tanh	adadelta	FL	2	0.8	0.0
model_705	0.0001	0.001	1e-05	0.01	4.0	1	0.01	relu	sgd	FL	8	0.7	0.25
model_706	1e-08	1e-08	10.0	0.5	0.5	1	0.01	sigmoid	rmsprop	CE	6	0.5	0.75
model_707	1e-08	0.001	0.001	0.25	5.0	0	0.01	relu	adadelta	FL	8	0.6	0.5
model_708	0.1	0.01	0.001	0.1	3.0	1	0.0001	sigmoid	adagrad	FL	2	1.1	0.95
model_709	0.001	1e-05	0.1	0.1	0.0	0	0.0001	leakyrelu	rmsprop	CE	8	1.1	0.25
model_710	0.0	0.0001	5.0	0.01	1.0	1	0.01	leakyrelu	adadelta	CE	6	1.0	0.9999
model_711	0.0	0.01	0.0	0.01	5.0	1	0.1	sigmoid	adagrad	FL	4	0.4	0.0
model_712	1e-07	0.0001	1e-05	0.5	3.0	1	0.1	leakyrelu	rmsprop	CE	4	1.2	0.999
model_713	0.01	1e-07	0.01	0.5	4.0	1	0.01	relu	adagrad	FL	8	1.2	0.95
model_714	1e-07	0.0	0.0	0.005	0.0	1	0.001	tanh	sgd	FL	6	1.2	0.95
model_715	1e-08	1e-05	0.0	0.05	2.0	0	0.001	relu	adam	CE	4	0.2	0.75
model_716	0.01	1e-07	0.1	0.05	0.0	0	0.01	sigmoid	adam	CE	8	0.8	0.99
model_717	0.0	1e-06	1e-05	0.25	0.0	0	0.01	sigmoid	rmsprop	CE	6	0.4	0.999
model_718	1e-08	0.01	0.01	0.1	5.0	1	1e-05	relu	adagrad	CE	4	0.2	0.9999
model_719	0.0001	1e-06	0.0001	0.01	5.0	1	0.0001	sigmoid	rmsprop	CE	2	1.2	0.0
model_720	0.0	0.1	0.0	0.01	0.0	1	0.01	relu	sgd	FL	2	1.0	0.0
model_721	0.001	0.0	0.0001	0.25	4.0	0	0.0001	relu	adam	FL	2	0.3	0.25
model_722	1e-07	1e-05	0.0001	0.005	5.0	0	0.01	relu	adam	CE	6	1.1	0.99
model_723	0.01	1e-05	1.0	0.1	3.0	1	0.01	leakyrelu	adagrad	FL	6	0.3	0.75
model_724	0.001	1e-07	0.0001	0.5	0.5	1	0.01	tanh	adadelta	CE	4	1.0	0.0
model_725	0.1	1e-06	10.0	0.5	0.0	0	0.001	sigmoid	adam	CE	2	1.0	0.75
model_726	0.1	0.1	10.0	0.1	5.0	0	0.1	leakyrelu	adadelta	FL	2	0.3	0.99
model_727	0.0001	0.001	10.0	0.25	3.0	1	0.1	sigmoid	adagrad	FL	2	1.2	0.9999
model_728	0.0001	0.01	0.0	0.01	3.0	0	0.01	sigmoid	adagrad	CE	8	1.1	0.0
model_729	1e-06	0.1	1e-05	0.25	2.0	1	0.01	tanh	adagrad	FL	2	0.4	0.25
model_730	0.0001	0.001	1e-05	0.5	5.0	1	1e-05	sigmoid	adadelta	CE	8	1.1	0.999
model_731	0.0001	1e-07	0.001	0.25	0.0	0	1e-05	relu	adadelta	CE	6	0.9	0.99
model_732	1e-08	0.001	0.1	0.005	0.5	0	0.01	relu	adam	CE	2	0.9	0.999
model_733	1e-06	0.01	5.0	0.01	3.0	1	0.0001	relu	rmsprop	FL	4	1.2	0.5
model_734	1e-08	0.01	0.001	0.1	3.0	0	1e-05	tanh	adadelta	CE	6	0.3	0.99
model_735	0.01	0.1	1.0	0.25	0.0	0	0.0001	tanh	sgd	CE	4	1.2	0.999
model_736	0.001	0.0	0.001	0.25	1.0	0	0.0001	relu	rmsprop	FL	2	1.2	0.0
model_737	0.01	0.001	1.0	0.005	3.0	0	0.001	leakyrelu	adagrad	FL	8	0.5	0.25
model_738	0.0	0.0001	0.0001	0.5	3.0	1	1e-05	sigmoid	rmsprop	CE	2	0.7	0.9999
model_739	1e-06	0.01	0.001	0.005	1.0	0	0.01	relu	adam	FL	6	1.1	0.95
model_740	1e-06	0.1	1.0	0.005	5.0	1	0.001	tanh	adagrad	FL	2	0.3	0.25
model_741	1e-06	0.0	0.0	0.005	4.0	0	0.001	sigmoid	adam	CE	4	0.9	0.25
model_742	1e-05	1e-08	5.0	0.5	0.0	0	0.0001	sigmoid	adagrad	CE	4	0.2	0.0
model_743	1e-07	1e-07	5.0	0.25	3.0	0	0.01	tanh	adadelta	FL	4	1.1	0.75
model_744	0.001	1e-07	1.0	0.25	0.5	0	1e-05	tanh	adam	CE	2	0.8	0.999
model_745	0.01	0.01	1.0	0.1	5.0	1	0.1	sigmoid	adadelta	CE	4	0.4	0.9999
model_746	1e-08	1e-07	10.0	0.1	0.5	1	0.01	leakyrelu	adagrad	FL	6	0.6	0.999
model_747	1e-05	1e-06	0.0	0.1	0.0	1	0.0001	leakyrelu	adadelta	CE	6	0.9	0.75
model_748	0.001	1e-08	0.01	0.05	1.0	0	0.0001	relu	rmsprop	CE	8	0.5	0.95
model_749	1e-05	1e-07	1e-05	0.5	1.0	1	0.001	sigmoid	rmsprop	CE	8	0.8	0.9999
model_750	0.1	0.0	10.0	0.005	2.0	1	0.001	sigmoid	rmsprop	FL	8	0.2	0.5
model_751	0.01	0.01	5.0	0.25	5.0	0	0.01	tanh	adam	CE	2	0.5	0.0
model_752	0.0	0.001	0.01	0.5	0.0	0	1e-05	sigmoid	adadelta	FL	2	1.1	0.5
model_753	1e-05	1e-05	0.01	0.5	0.5	1	0.0001	sigmoid	sgd	CE	6	0.2	0.75
model_754	0.0	1e-05	5.0	0.05	5.0	0	0.01	relu	adam	FL	8	1.0	0.95
model_755	0.0	0.1	1e-05	0.05	0.0	1	0.001	relu	adagrad	FL	4	1.0	0.0
model_756	0.1	1e-05	0.1	0.25	0.5	1	0.1	tanh	rmsprop	FL	6	0.3	0.0
model_757	1e-07	1e-08	1.0	0.01	3.0	1	0.001	tanh	adagrad	CE	6	0.9	0.95
model_758	0.0001	0.0001	0.001	0.01	0.5	0	1e-05	leakyrelu	adam	CE	8	0.7	0.95
model_759	0.001	1e-06	10.0	0.01	0.0	1	1e-05	sigmoid	sgd	CE	6	0.2	0.75
model_760	0.001	1e-07	5.0	0.5	0.5	1	1e-05	tanh	adagrad	CE	2	0.2	0.25
model_761	1e-08	1e-07	1e-05	0.1	0.0	1	1e-05	relu	sgd	CE	6	0.9	0.999
model_762	1e-06	0.0	0.01	0.005	3.0	1	0.01	leakyrelu	adadelta	CE	4	0.3	0.25
model_763	0.0001	1e-08	0.01	0.005	0.0	0	0.01	leakyrelu	adadelta	CE	8	1.1	0.999
model_764	1e-08	0.001	0.01	0.01	4.0	0	1e-05	leakyrelu	rmsprop	CE	6	0.6	0.95
model_765	0.0	0.01	0.01	0.1	0.5	1	0.0001	leakyrelu	adadelta	CE	6	0.9	0.75
model_766	0.001	1e-07	0.001	0.005	1.0	1	0.1	relu	sgd	CE	4	0.7	0.75
model_767	0.01	0.01	0.0001	0.01	0.5	1	0.01	tanh	adagrad	CE	8	0.3	0.25
model_768	1e-06	0.0001	1e-05	0.01	0.5	0	0.001	sigmoid	adagrad	CE	6	1.0	0.75
model_769	1e-05	0.0	1.0	0.01	0.0	1	1e-05	tanh	rmsprop	FL	4	0.3	0.999
model_770	1e-05	0.1	10.0	0.25	0.5	0	0.1	leakyrelu	rmsprop	FL	8	0.2	0.75
model_771	0.0001	1e-05	10.0	0.5	1.0	0	0.1	tanh	adadelta	FL	2	0.4	0.99
model_772	1e-07	0.1	0.0	0.005	0.5	1	0.0001	leakyrelu	sgd	CE	8	1.0	0.5
model_773	0.0001	1e-07	1.0	0.5	0.5	1	0.01	tanh	adagrad	CE	4	0.2	0.25
model_774	0.01	0.0	0.001	0.005	3.0	0	1e-05	relu	adam	FL	6	0.9	0.25
model_775	1e-06	1e-08	1e-05	0.25	1.0	0	0.1	sigmoid	adadelta	CE	2	0.8	0.95
model_776	0.001	1e-06	10.0	0.1	3.0	1	0.01	tanh	adadelta	CE	2	1.2	0.999
model_777	1e-06	0.0	0.0	0.01	3.0	1	1e-05	tanh	adadelta	FL	8	0.7	0.0
model_778	0.0	1e-07	0.1	0.1	4.0	1	0.0001	leakyrelu	adam	CE	2	1.2	0.9999
model_779	0.1	0.0001	0.0001	0.1	0.0	1	0.0001	sigmoid	adadelta	CE	6	0.8	0.9999
model_780	0.1	0.001	0.001	0.05	4.0	0	0.001	tanh	sgd	FL	6	0.4	0.95
model_781	0.1	0.01	10.0	0.01	4.0	0	0.1	relu	adagrad	FL	2	0.4	0.5
model_782	1e-08	1e-07	1.0	0.05	0.0	0	0.1	tanh	adadelta	FL	6	0.4	0.95
model_783	0.1	1e-07	1e-05	0.01	1.0	0	1e-05	tanh	adam	FL	2	0.8	0.75
model_784	0.1	0.1	0.01	0.01	2.0	0	1e-05	relu	adam	FL	4	0.8	0.99
model_785	0.01	0.0	0.001	0.5	3.0	1	1e-05	sigmoid	adagrad	CE	8	0.7	0.25
model_786	0.001	0.1	0.0	0.1	5.0	0	0.1	leakyrelu	adadelta	CE	2	0.7	0.9999
model_787	0.1	1e-06	0.0001	0.25	0.0	1	1e-05	leakyrelu	adam	CE	8	0.9	0.95
model_788	0.001	0.0	5.0	0.01	1.0	0	0.1	sigmoid	adagrad	CE	2	0.5	0.9999
model_789	0.01	1e-07	10.0	0.1	2.0	0	0.01	tanh	adam	FL	6	1.2	0.9999
model_790	0.01	1e-06	0.1	0.005	5.0	1	1e-05	tanh	sgd	CE	4	0.6	0.999
model_791	0.0001	0.0001	0.01	0.05	3.0	0	0.001	leakyrelu	sgd	FL	4	0.4	0.5
model_792	0.0	0.001	0.1	0.5	3.0	1	0.1	tanh	adadelta	FL	6	0.2	0.0
model_793	0.001	1e-07	0.1	0.005	5.0	1	0.001	tanh	sgd	CE	4	1.2	0.999
model_794	1e-08	1e-06	10.0	0.25	0.0	1	0.1	sigmoid	adadelta	CE	8	0.3	0.95
model_795	1e-08	1e-06	0.01	0.25	0.5	1	1e-05	leakyrelu	rmsprop	CE	8	1.2	0.0
model_796	0.0	0.001	5.0	0.01	3.0	0	0.001	leakyrelu	rmsprop	FL	2	0.6	0.99
model_797	1e-07	1e-08	0.001	0.005	0.5	1	0.0001	relu	adagrad	CE	4	1.2	0.5
model_798	1e-05	0.001	1e-05	0.25	2.0	0	0.01	tanh	adagrad	CE	6	0.7	0.999
model_799	1e-06	1e-08	5.0	0.1	4.0	0	0.0001	relu	adam	CE	6	0.9	0.5
model_800	0.001	0.01	0.01	0.005	2.0	1	0.1	leakyrelu	adagrad	CE	4	1.1	0.95
model_801	0.01	0.1	0.01	0.25	1.0	0	0.1	leakyrelu	adagrad	FL	2	1.1	0.0
model_802	0.0	0.001	0.1	0.005	0.5	0	1e-05	leakyrelu	adagrad	CE	4	0.7	0.75
model_803	0.0001	1e-05	0.001	0.1	0.5	0	0.1	relu	sgd	FL	8	0.2	0.75
model_804	0.0001	1e-05	10.0	0.1	3.0	1	0.001	sigmoid	adadelta	CE	8	0.2	0.5
model_805	1e-05	0.0	1e-05	0.5	5.0	0	1e-05	leakyrelu	adam	CE	6	0.5	0.9999
model_806	0.1	0.0	1e-05	0.5	5.0	1	0.01	sigmoid	adam	FL	6	0.8	0.5
model_807	0.0001	1e-08	0.1	0.5	5.0	1	1e-05	sigmoid	adam	FL	8	0.8	0.25
model_808	0.01	1e-06	0.01	0.1	2.0	0	0.1	sigmoid	adagrad	CE	4	0.3	0.0
model_809	0.0001	1e-06	5.0	0.1	0.0	0	0.0001	tanh	sgd	FL	6	0.3	0.99
model_810	0.0001	0.0001	0.001	0.005	0.5	1	0.0001	sigmoid	sgd	CE	2	0.9	0.75
model_811	0.0	0.1	0.001	0.005	0.5	1	0.001	sigmoid	adagrad	CE	6	0.5	0.75
model_812	0.0	0.001	0.0	0.1	5.0	1	0.001	sigmoid	adam	FL	4	0.5	0.0
model_813	0.0	1e-07	0.001	0.05	3.0	0	0.1	relu	sgd	CE	4	0.2	0.5
model_814	1e-06	1e-06	10.0	0.25	0.0	0	0.1	tanh	adam	CE	6	0.4	0.999
model_815	0.01	0.0001	0.0	0.005	5.0	0	0.1	relu	adadelta	FL	6	0.2	0.9999
model_816	1e-06	0.01	0.01	0.005	4.0	0	0.001	relu	adam	FL	2	0.9	0.5
model_817	0.0001	0.001	0.1	0.25	2.0	0	0.01	tanh	rmsprop	CE	8	1.1	0.999
model_818	0.0	0.001	0.1	0.05	4.0	0	0.0001	sigmoid	adam	FL	4	0.5	0.75
model_819	0.0001	0.0001	5.0	0.005	3.0	1	0.1	tanh	adadelta	FL	8	0.6	0.999
model_820	0.1	1e-05	10.0	0.1	3.0	1	0.1	relu	rmsprop	CE	2	0.9	0.5
model_821	1e-08	0.1	0.0001	0.25	0.5	1	0.01	leakyrelu	adadelta	FL	8	0.4	0.95
model_822	0.0001	1e-08	0.001	0.005	2.0	1	0.001	tanh	adagrad	CE	2	0.3	0.0
model_823	0.0001	1e-08	10.0	0.01	1.0	0	0.01	relu	adadelta	CE	2	1.2	0.999
model_824	1e-06	0.0001	0.1	0.01	1.0	1	0.0001	leakyrelu	sgd	CE	2	1.0	0.75
model_825	0.0001	0.01	1e-05	0.5	0.0	1	0.1	tanh	rmsprop	FL	8	1.1	0.999
model_826	1e-08	1e-08	0.0001	0.25	5.0	0	0.01	tanh	rmsprop	CE	2	0.3	0.25
model_827	0.1	0.01	5.0	0.5	2.0	1	1e-05	tanh	rmsprop	FL	2	0.4	0.0
model_828	1e-06	0.0	0.0001	0.005	3.0	1	0.001	leakyrelu	adagrad	FL	8	0.2	0.95
model_829	1e-08	1e-07	10.0	0.05	3.0	1	0.0001	relu	rmsprop	FL	2	0.9	0.999
model_830	1e-08	1e-08	0.1	0.01	5.0	1	0.1	leakyrelu	rmsprop	CE	2	0.9	0.75
model_831	1e-08	0.0	1.0	0.05	1.0	0	0.001	tanh	sgd	CE	8	0.2	0.0
model_832	0.0001	0.001	5.0	0.5	0.0	0	0.01	leakyrelu	adagrad	FL	2	1.0	0.999
model_833	0.0	1e-08	0.0001	0.1	2.0	0	0.0001	sigmoid	adam	CE	2	0.7	0.5
model_834	1e-07	1e-08	10.0	0.05	3.0	0	0.0001	relu	sgd	FL	8	0.8	0.9999
model_835	0.0001	1e-07	1.0	0.01	0.5	1	0.001	relu	adam	FL	4	0.3	0.9999
model_836	1e-05	1e-06	0.0001	0.25	0.0	1	0.01	leakyrelu	adagrad	FL	4	0.7	0.25
model_837	0.0	0.0	0.0001	0.005	4.0	1	0.1	sigmoid	adadelta	FL	8	0.3	0.99
model_838	1e-07	1e-06	1.0	0.25	0.5	0	0.001	tanh	sgd	FL	8	0.8	0.99
model_839	1e-08	1e-08	0.1	0.25	1.0	1	1e-05	tanh	adadelta	FL	8	0.4	0.75
model_840	0.001	0.1	0.1	0.25	5.0	1	0.0001	sigmoid	rmsprop	CE	8	0.8	0.99
model_841	1e-06	0.01	0.0	0.05	0.0	1	0.01	relu	adadelta	CE	2	0.6	0.5
model_842	1e-07	0.1	1.0	0.01	4.0	1	1e-05	relu	rmsprop	CE	6	1.2	0.5
model_843	1e-06	1e-08	0.01	0.01	4.0	0	0.0001	relu	adadelta	FL	6	0.7	0.5
model_844	1e-08	1e-07	1.0	0.05	4.0	1	0.01	relu	sgd	CE	6	0.3	0.0
model_845	0.1	1e-06	5.0	0.05	5.0	1	0.01	leakyrelu	adam	FL	4	0.5	0.5
model_846	0.0001	0.1	0.01	0.005	0.5	0	1e-05	leakyrelu	adadelta	CE	6	1.0	0.75
model_847	0.0	1e-05	0.001	0.01	3.0	1	0.1	tanh	sgd	CE	8	0.8	0.99
model_848	0.1	0.001	0.0001	0.1	2.0	1	0.01	leakyrelu	adadelta	CE	4	1.2	0.95
model_849	0.0	1e-07	0.01	0.05	2.0	1	0.1	relu	adadelta	FL	6	0.5	0.95
model_850	0.1	1e-05	0.1	0.05	5.0	1	0.01	tanh	adagrad	CE	8	0.6	0.9999
model_851	0.0	0.001	0.001	0.05	2.0	0	1e-05	sigmoid	sgd	FL	8	1.0	0.0
model_852	1e-06	1e-06	1e-05	0.25	5.0	1	0.001	tanh	sgd	FL	6	1.1	0.9999
model_853	0.0	0.0001	1e-05	0.1	5.0	0	0.01	tanh	sgd	FL	2	0.3	0.0
model_854	1e-07	0.1	0.0	0.1	2.0	0	0.1	sigmoid	rmsprop	CE	6	0.3	0.0
model_855	1e-07	0.0001	5.0	0.25	0.5	0	0.001	tanh	adadelta	FL	4	0.3	0.0
model_856	0.01	1e-05	0.001	0.25	4.0	0	0.01	relu	adadelta	CE	8	0.7	0.999
model_857	0.0001	1e-05	0.0	0.1	0.0	0	0.0001	tanh	adam	CE	6	0.7	0.95
model_858	0.0	1e-07	10.0	0.01	0.0	1	0.001	tanh	sgd	CE	4	0.7	0.9999
model_859	0.001	1e-07	0.001	0.01	3.0	1	0.001	tanh	sgd	CE	2	0.5	0.95
model_860	1e-06	1e-06	0.01	0.01	0.5	0	0.001	tanh	adam	FL	4	0.2	0.75
model_861	1e-07	1e-08	1.0	0.05	3.0	1	0.1	tanh	adam	CE	2	1.1	0.95
model_862	0.001	1e-07	0.1	0.5	2.0	0	0.001	tanh	adagrad	CE	6	0.8	0.95
model_863	0.001	1e-06	0.0001	0.05	4.0	1	0.01	tanh	adagrad	FL	6	1.1	0.0
model_864	1e-07	0.1	5.0	0.05	5.0	0	0.0001	sigmoid	adam	FL	8	0.9	0.25
model_865	0.1	0.0	0.001	0.25	2.0	0	0.01	sigmoid	adagrad	CE	4	0.6	0.999
model_866	0.0	0.0	10.0	0.05	5.0	0	0.1	leakyrelu	adam	FL	2	0.6	0.75
model_867	1e-07	1e-08	10.0	0.01	3.0	1	0.0001	tanh	adagrad	CE	2	0.3	0.95
model_868	1e-05	0.01	1.0	0.005	1.0	0	0.001	relu	adagrad	CE	2	0.6	0.99
model_869	1e-07	0.0001	5.0	0.05	5.0	0	0.0001	sigmoid	sgd	FL	6	1.0	0.999
model_870	1e-08	1e-06	5.0	0.005	4.0	0	0.01	sigmoid	adam	CE	2	0.4	0.75
model_871	1e-05	1e-08	0.0001	0.05	4.0	1	0.1	leakyrelu	rmsprop	CE	8	1.0	0.999
model_872	0.1	0.01	1.0	0.25	5.0	0	0.001	tanh	adadelta	FL	4	1.2	0.75
model_873	1e-06	1e-05	10.0	0.25	4.0	1	0.0001	tanh	adam	FL	8	1.2	0.9999
model_874	1e-05	0.1	10.0	0.5	2.0	1	0.001	relu	adam	FL	4	0.2	0.0
model_875	1e-05	0.0001	0.1	0.1	0.5	1	1e-05	relu	sgd	CE	6	0.5	0.999
model_876	0.0	1e-06	5.0	0.01	5.0	1	0.001	sigmoid	adam	CE	4	0.8	0.75
model_877	1e-08	1e-06	0.0	0.05	2.0	1	0.1	sigmoid	adam	CE	8	0.3	0.9999
model_878	1e-06	1e-06	0.1	0.005	5.0	1	0.0001	relu	sgd	FL	2	1.1	0.5
model_879	1e-06	0.0001	0.0	0.25	4.0	1	0.1	tanh	sgd	CE	4	0.2	0.95
model_880	0.001	1e-07	0.0001	0.1	5.0	0	1e-05	leakyrelu	adam	CE	6	0.2	0.0
model_881	0.0	1e-08	1.0	0.05	4.0	0	0.0001	relu	sgd	CE	2	0.4	0.999
model_882	0.0001	0.0001	0.0	0.1	1.0	1	0.1	relu	adam	FL	6	0.6	0.9999
model_883	1e-06	1e-08	0.0001	0.5	2.0	0	1e-05	leakyrelu	rmsprop	FL	8	0.7	0.0
model_884	0.01	1e-08	5.0	0.25	3.0	1	0.01	relu	adadelta	FL	2	0.2	0.95
model_885	0.1	1e-07	0.01	0.05	2.0	1	0.1	tanh	adam	CE	2	1.2	0.99
model_886	0.0	1e-08	0.0001	0.5	4.0	0	1e-05	leakyrelu	adadelta	FL	6	0.2	0.95
model_887	0.01	1e-08	10.0	0.1	2.0	1	0.001	leakyrelu	rmsprop	FL	4	0.2	0.9999
model_888	1e-06	1e-08	0.1	0.25	2.0	0	1e-05	tanh	rmsprop	CE	4	0.5	0.95
model_889	0.0	0.0	1.0	0.01	0.5	1	0.0001	tanh	adam	CE	2	0.3	0.99
model_890	0.0001	0.1	1e-05	0.25	4.0	1	0.001	sigmoid	adam	FL	6	0.5	0.95
model_891	0.01	1e-05	0.0001	0.1	5.0	1	0.0001	relu	rmsprop	CE	4	0.2	0.75
model_892	0.001	1e-08	1e-05	0.25	1.0	0	0.001	relu	rmsprop	FL	6	0.6	0.25
model_893	1e-05	0.0	1.0	0.25	0.5	0	0.0001	relu	sgd	CE	4	1.1	0.25
model_894	0.0	0.0001	0.0	0.25	2.0	0	0.01	leakyrelu	adam	FL	2	0.3	0.9999
model_895	1e-07	0.0001	1.0	0.05	0.5	0	0.0001	leakyrelu	rmsprop	FL	8	0.8	0.75
model_896	0.0	1e-08	0.001	0.5	4.0	1	0.0001	leakyrelu	adagrad	FL	4	0.2	0.75
model_897	0.0001	0.0	0.1	0.01	3.0	0	1e-05	leakyrelu	sgd	CE	6	0.6	0.25
model_898	1e-08	0.1	0.0	0.05	2.0	1	0.0001	sigmoid	adagrad	CE	4	0.7	0.0
model_899	1e-06	1e-08	0.0001	0.005	0.0	1	0.1	tanh	adam	CE	6	1.1	0.25
model_900	0.1	0.01	0.001	0.1	0.0	1	0.0001	tanh	adam	CE	2	0.9	0.75
model_901	0.1	1e-08	0.1	0.05	2.0	1	0.01	relu	adam	FL	8	0.4	0.25
model_902	1e-07	0.1	10.0	0.005	5.0	1	0.01	sigmoid	rmsprop	FL	4	1.2	0.75
model_903	0.001	0.0	0.1	0.01	0.0	0	0.01	tanh	adagrad	FL	4	0.8	0.999
model_904	1e-06	0.0001	0.001	0.5	4.0	0	0.1	sigmoid	adagrad	FL	2	0.6	0.99
model_905	0.001	0.001	10.0	0.1	1.0	1	0.01	leakyrelu	rmsprop	CE	6	0.8	0.9999
model_906	1e-08	0.001	1.0	0.1	2.0	0	0.1	leakyrelu	adam	CE	4	0.8	0.9999
model_907	0.001	1e-06	0.1	0.1	0.0	0	0.0001	relu	sgd	FL	8	0.3	0.95
model_908	1e-05	1e-06	0.01	0.1	1.0	0	0.01	relu	rmsprop	FL	6	0.3	0.99
model_909	0.1	1e-08	10.0	0.1	4.0	0	0.1	sigmoid	rmsprop	FL	2	0.3	0.999
model_910	0.001	0.001	0.01	0.25	1.0	0	0.001	relu	sgd	FL	6	1.0	0.25
model_911	1e-06	1e-06	1e-05	0.1	5.0	1	0.001	relu	adadelta	FL	4	0.5	0.99
model_912	0.0001	0.001	0.001	0.01	3.0	0	0.0001	relu	rmsprop	FL	8	1.2	0.95
model_913	1e-08	0.001	0.0	0.01	0.0	0	1e-05	relu	sgd	CE	6	0.7	0.99
model_914	0.001	0.0	10.0	0.5	1.0	1	0.0001	relu	rmsprop	CE	8	1.0	0.99
model_915	0.0	0.01	0.0001	0.005	5.0	0	0.0001	tanh	adadelta	CE	6	0.3	0.9999
model_916	0.1	0.001	0.0001	0.005	1.0	1	0.1	relu	sgd	CE	6	0.8	0.999
model_917	1e-06	1e-06	0.001	0.1	2.0	1	1e-05	relu	sgd	FL	8	0.4	0.5
model_918	0.0	1e-05	1.0	0.01	2.0	0	0.1	leakyrelu	adagrad	CE	2	0.3	0.0
model_919	1e-08	1e-05	0.0001	0.01	1.0	0	1e-05	sigmoid	adadelta	FL	4	0.6	0.99
model_920	0.0	0.0	5.0	0.005	3.0	1	0.0001	leakyrelu	adagrad	FL	2	1.1	0.25
model_921	0.001	1e-08	0.0001	0.05	0.0	1	0.1	tanh	adam	FL	4	0.4	0.25
model_922	0.1	0.0	0.01	0.1	0.0	0	0.1	leakyrelu	adadelta	CE	4	1.1	0.999
model_923	0.0001	1e-07	1e-05	0.25	2.0	1	1e-05	leakyrelu	adam	FL	2	0.9	0.75
model_924	0.0001	0.0	1.0	0.05	1.0	1	0.01	leakyrelu	rmsprop	FL	2	0.3	0.95
model_925	1e-07	0.0	0.0	0.5	0.0	0	0.1	leakyrelu	rmsprop	FL	8	1.2	0.25
model_926	1e-05	1e-07	0.0001	0.01	0.5	0	0.001	sigmoid	rmsprop	FL	8	1.1	0.95
model_927	0.0001	0.0	0.0001	0.25	0.0	0	0.0001	tanh	sgd	CE	8	1.2	0.99
model_928	0.01	1e-08	1.0	0.05	0.0	1	0.0001	sigmoid	rmsprop	FL	4	1.1	0.999
model_929	0.0001	0.0	1.0	0.25	0.5	1	0.001	relu	adagrad	CE	6	0.3	0.999
model_930	0.001	0.0001	1e-05	0.1	5.0	1	0.001	relu	adam	FL	6	0.8	0.999
model_931	1e-05	0.0001	10.0	0.05	0.5	0	0.01	tanh	sgd	CE	4	0.5	0.99
model_932	1e-06	0.1	0.001	0.1	2.0	1	1e-05	sigmoid	sgd	CE	8	1.0	0.75
model_933	0.0	0.001	0.0	0.25	3.0	0	0.0001	leakyrelu	adam	CE	2	0.8	0.25
model_934	0.0	1e-08	0.001	0.25	0.5	0	1e-05	sigmoid	adam	FL	2	0.3	0.25
model_935	0.001	1e-08	0.001	0.005	0.0	0	0.1	leakyrelu	sgd	FL	4	0.4	0.25
model_936	0.001	1e-05	0.0	0.1	5.0	1	0.0001	relu	adam	FL	8	1.2	0.0
model_937	0.0	0.01	1e-05	0.5	2.0	0	0.01	sigmoid	rmsprop	CE	8	0.3	0.5
model_938	1e-07	0.0	5.0	0.1	0.0	1	0.01	sigmoid	adadelta	FL	4	0.3	0.999
model_939	0.001	1e-08	1.0	0.01	3.0	1	0.1	sigmoid	rmsprop	CE	2	0.9	0.5
model_940	1e-05	0.001	0.01	0.25	4.0	1	0.01	sigmoid	adam	FL	8	1.0	0.25
model_941	1e-06	1e-07	0.001	0.25	1.0	0	0.0001	sigmoid	rmsprop	CE	4	0.5	0.75
model_942	1e-05	0.0001	0.001	0.25	1.0	1	1e-05	sigmoid	sgd	CE	8	0.6	0.75
model_943	0.001	0.0001	1.0	0.01	0.5	1	0.1	sigmoid	adam	FL	8	1.0	0.95
model_944	0.001	1e-07	5.0	0.1	0.5	0	0.001	leakyrelu	adam	FL	8	0.9	0.95
model_945	0.01	0.1	10.0	0.01	2.0	0	0.1	tanh	adam	CE	8	1.0	0.75
model_946	1e-07	0.01	1.0	0.1	0.5	1	1e-05	relu	adadelta	CE	6	0.4	0.75
model_947	1e-08	0.001	0.0	0.01	2.0	1	0.01	leakyrelu	rmsprop	CE	2	0.7	0.5
model_948	0.01	1e-08	0.1	0.005	0.0	0	0.001	relu	adam	CE	8	0.9	0.75
model_949	0.0001	0.001	0.0	0.1	2.0	1	1e-05	tanh	adam	FL	8	0.8	0.5
model_950	0.01	1e-06	0.0	0.5	0.5	0	0.001	leakyrelu	rmsprop	FL	2	1.2	0.5
model_951	1e-06	0.0	1e-05	0.05	5.0	1	0.1	leakyrelu	rmsprop	FL	4	0.6	0.95
model_952	1e-05	1e-08	0.0	0.25	2.0	0	1e-05	relu	adadelta	CE	8	0.7	0.99
model_953	0.001	0.0	0.001	0.01	0.0	1	0.001	sigmoid	sgd	CE	4	0.2	0.999
model_954	1e-07	0.0001	0.01	0.05	5.0	1	0.01	leakyrelu	sgd	FL	2	0.3	0.5
model_955	1e-07	0.0	5.0	0.05	1.0	0	0.0001	tanh	sgd	FL	6	0.3	0.95
model_956	0.001	0.1	0.01	0.05	2.0	1	0.1	tanh	rmsprop	FL	6	0.3	0.75
model_957	0.0001	1e-05	0.0001	0.05	5.0	1	1e-05	leakyrelu	adam	FL	6	0.8	0.999
model_958	0.1	0.0001	0.001	0.25	0.5	1	0.001	relu	adam	FL	8	0.4	0.75
model_959	0.001	1e-05	0.1	0.25	2.0	1	0.0001	relu	adam	CE	8	1.0	0.0
model_960	0.01	0.1	10.0	0.05	0.5	1	0.001	tanh	adagrad	FL	4	0.7	0.25
model_961	0.01	0.0	0.0001	0.25	1.0	0	0.1	sigmoid	rmsprop	CE	2	0.2	0.999
model_962	1e-05	1e-05	5.0	0.25	5.0	1	1e-05	sigmoid	adam	CE	8	0.4	0.95
model_963	0.1	0.0	0.1	0.25	2.0	1	0.001	sigmoid	adagrad	CE	8	0.2	0.25
model_964	1e-06	1e-06	0.0001	0.5	0.0	0	0.1	sigmoid	sgd	CE	4	0.7	0.75
model_965	0.001	1e-07	0.01	0.5	3.0	1	0.001	leakyrelu	sgd	FL	8	0.4	0.25
model_966	0.0	0.001	5.0	0.25	5.0	0	0.1	relu	adam	FL	2	0.3	0.0
model_967	1e-05	0.0001	1e-05	0.25	3.0	0	0.0001	tanh	adam	FL	6	1.1	0.95
model_968	0.01	0.0	1.0	0.005	4.0	0	0.01	tanh	adadelta	FL	8	1.1	0.75
model_969	0.01	0.0	1.0	0.5	2.0	1	0.0001	relu	sgd	FL	2	0.6	0.0
model_970	0.1	0.1	0.1	0.05	5.0	0	1e-05	relu	sgd	FL	8	0.2	0.0
model_971	1e-07	0.1	0.0	0.1	2.0	0	0.0001	tanh	rmsprop	CE	4	0.6	0.95
model_972	1e-06	1e-08	1.0	0.01	2.0	0	0.01	leakyrelu	adam	FL	6	0.5	0.99
model_973	0.0	0.001	0.01	0.1	2.0	1	1e-05	tanh	adadelta	FL	6	0.5	0.9999
model_974	0.001	1e-05	5.0	0.1	4.0	1	0.001	leakyrelu	rmsprop	CE	2	0.7	0.95
model_975	0.01	1e-05	0.0	0.5	0.5	0	0.001	sigmoid	adam	FL	6	0.2	0.0
model_976	0.01	0.0	1e-05	0.25	5.0	1	0.001	sigmoid	adadelta	FL	4	0.4	0.5
model_977	0.1	0.0001	0.0001	0.01	1.0	1	0.0001	sigmoid	sgd	FL	8	0.4	0.99
model_978	0.1	1e-07	1e-05	0.05	0.5	0	1e-05	relu	adagrad	CE	8	1.2	0.999
model_979	0.001	1e-06	0.01	0.05	0.5	0	0.0001	relu	adagrad	CE	2	0.9	0.95
model_980	0.1	0.0001	0.1	0.1	5.0	1	0.0001	relu	adadelta	FL	6	0.6	0.25
model_981	1e-05	1e-07	5.0	0.5	3.0	1	0.001	tanh	rmsprop	CE	6	0.8	0.9999
model_982	0.1	1e-07	0.0001	0.5	0.5	1	0.0001	relu	rmsprop	FL	2	0.3	0.75
model_983	0.0	0.01	0.1	0.5	0.5	1	0.1	sigmoid	rmsprop	CE	8	0.8	0.75
model_984	0.0001	0.0001	1.0	0.01	5.0	0	0.1	sigmoid	adadelta	FL	4	0.4	0.25
model_985	0.1	1e-08	5.0	0.5	0.5	0	1e-05	relu	adam	CE	2	0.7	0.25
model_986	0.01	0.1	1.0	0.01	4.0	1	0.01	sigmoid	rmsprop	CE	4	0.2	0.0
model_987	0.0	1e-08	5.0	0.5	0.5	0	0.01	leakyrelu	adadelta	FL	2	0.5	0.99
model_988	1e-07	0.1	0.001	0.005	2.0	0	0.0001	sigmoid	sgd	CE	4	0.8	0.99
model_989	1e-06	0.0	1e-05	0.5	1.0	1	0.0001	leakyrelu	adagrad	FL	8	1.2	0.99
model_990	0.01	1e-06	1.0	0.05	2.0	1	0.1	relu	adadelta	CE	4	0.3	0.95
model_991	1e-05	0.0	0.1	0.01	0.5	1	0.0001	leakyrelu	adadelta	CE	4	0.7	0.75
model_992	0.0	0.1	1.0	0.1	0.5	0	0.01	relu	adam	CE	4	0.6	0.9999
model_993	0.01	0.0	1.0	0.25	5.0	0	0.001	relu	adam	CE	8	0.2	0.0
model_994	0.001	1e-05	10.0	0.05	3.0	1	1e-05	relu	adam	FL	8	0.7	0.9999
model_995	1e-07	1e-08	10.0	0.1	4.0	0	0.0001	sigmoid	adam	CE	2	0.7	0.9999
model_996	0.0001	0.001	1e-05	0.25	3.0	1	0.001	tanh	adam	CE	4	0.5	0.99
model_997	1e-08	0.0	10.0	0.005	0.0	0	1e-05	relu	adadelta	FL	8	0.4	0.5
model_998	0.0	1e-05	5.0	0.25	4.0	1	0.0001	tanh	sgd	FL	2	0.2	0.9999
model_999	0.0	0.0	0.001	0.005	2.0	0	0.0001	relu	rmsprop	FL	4	1.2	0.75
model_1000	1e-05	1e-08	5.0	0.05	5.0	1	0.1	relu	adadelta	CE	2	0.8	0.99
